31-Dec-20,22.75,23.675,25.575,25.775,25.95,25.925,25.925,26,26.05
30-Dec-20,22.77,23.675,25.625,25.875,25.925,25.875,25.85,25.9,26.1
29-Dec-20,23.08,24.625,26.425,26.425,26.475,26.375,26.425,26.425,26.05
28-Dec-20,21.7,23.675,25.575,25.675,25.775,25.775,25.775,25.825,25.825
24-Dec-20,21.53,23.825,25.625,25.725,25.8,25.825,25.9,26.05,25.925
23-Dec-20,23.31,24.625,26.175,26.125,26.125,26.075,26.075,26.175,26
22-Dec-20,24.23,25.775,26.925,26.825,26.825,26.675,26.725,26.775,26.575
21-Dec-20,25.16,26.325,27.125,26.825,26.675,26.575,26.475,26.55,26.825
18-Dec-20,21.57,24.175,25.725,26.025,26.175,26.175,26.225,26.325,25.925
17-Dec-20,21.93,23.825,25.425,25.725,25.925,25.875,25.875,26.025,26.025
16-Dec-20,22.5,23.35,24.1,25.575,25.875,26.075,25.975,25.925,26.125
15-Dec-20,22.89,22.875,24.975,25.925,26.175,26.375,26.375,26.375,26.45
14-Dec-20,24.72,24.275,26.125,26.625,26.525,26.675,26.625,26.625,26.65
11-Dec-20,23.31,23.625,25.575,26.075,26.075,26.575,26.475,26.375,26.4
10-Dec-20,22.52,22.525,24.675,25.425,25.575,25.825,25.925,25.875,26
9-Dec-20,22.27,22.525,24.375,25.275,25.375,25.7,25.775,25.775,25.8
8-Dec-20,20.68,21.375,23.625,24.575,24.725,25.15,25.325,25.275,25.275
7-Dec-20,21.3,22.475,24.325,25.075,25.125,25.475,25.55,25.45,25.4
4-Dec-20,20.79,22.475,24.225,24.875,24.975,25.325,25.375,25.325,25.5
3-Dec-20,21.28,22.975,24.475,25.025,25.175,25.475,25.475,25.375,25.75
2-Dec-20,21.17,22.675,24.325,24.825,24.975,25.35,25.375,25.225,25.625
1-Dec-20,20.77,22.825,24.425,24.975,25.125,25.45,25.475,25.325,25.375
30-Nov-20,20.57,22.375,24.575,25.025,25.075,25.275,25.375,25.3,25.625
27-Nov-20,20.84,22.825,25.025,25.375,25.325,25.4,25.5,25.475,25.5
25-Nov-20,21.25,22.625,24.825,25.325,25.275,25.275,25.425,25.425,25.65
24-Nov-20,21.64,23.6,25.625,25.825,25.7,25.725,25.875,25.875,25.95
23-Nov-20,22.66,24.1,25.725,25.875,25.725,25.825,25.875,25.85,26
20-Nov-20,23.7,24.375,25.825,25.975,25.925,26.025,26.075,26.1,26.15
19-Nov-20,23.11,24.475,25.925,26.075,25.925,25.975,25.975,25.925,26.2
18-Nov-20,23.84,22.41,24.875,26.175,26.225,26.125,26.125,26.175,26.275
17-Nov-20,22.71,22.975,24.025,25.225,25.375,25.375,25.425,25.425,25.525
16-Nov-20,22.45,22.925,24.525,25.525,25.575,25.525,25.65,25.675,25.525
13-Nov-20,23.1,23.325,25.075,25.725,25.675,25.525,25.525,25.425,25.325
12-Nov-20,25.35,25.875,26.575,26.675,26.275,26.075,26.125,26.075,25.85
11-Nov-20,23.45,23.825,24.975,25.425,25.475,25.425,25.475,25.475,25.375
10-Nov-20,24.8,24.675,25.425,25.875,25.625,25.525,25.475,25.4,25.15
9-Nov-20,25.75,25.575,26.275,26.275,25.675,25.45,25.425,25.2,24.975
6-Nov-20,24.86,25.475,27.175,27.7,27.3,26.825,26.875,26.425,26.175
5-Nov-20,27.58,27.775,28.775,28.525,27.675,27.275,27.425,26.975,26.725
4-Nov-20,29.57,28.375,29.175,28.425,27.475,27.175,27.425,27.05,26.625
3-Nov-20,35.55,31.425,31.575,29.625,28.325,27.825,27.875,27.55,27.075
2-Nov-20,37.13,33.375,33.175,30.825,29.175,28.525,28.475,28.175,27.625
30-Oct-20,38.02,34.1,34.075,31.825,30.175,29.325,29.15,28.725,27.95
29-Oct-20,37.59,33.125,32.575,30.775,29.525,28.975,28.675,28.2,27.55
28-Oct-20,40.28,36,34.725,32.375,30.775,30.125,29.675,29.05,28.4
27-Oct-20,33.35,31.325,30.925,29.625,28.9,28.475,28.275,27.925,27.225
26-Oct-20,32.46,31.325,30.375,29.275,28.825,28.525,28.275,27.95,27.4
23-Oct-20,27.55,28.775,28.625,27.925,27.625,27.425,27.35,27.075,26.625
22-Oct-20,28.11,28.825,28.525,27.925,27.625,27.325,27.225,26.975,26.575
21-Oct-20,28.65,29.07,29.225,28.825,28.225,27.875,27.525,27.425,27.125
20-Oct-20,29.35,29.275,29.975,29.35,28.7,28.375,27.925,27.675,27.525
19-Oct-20,29.18,29.175,30.225,29.175,28.575,28.4,27.975,27.825,27.525
16-Oct-20,27.41,27.875,29.025,28.325,27.975,27.925,27.625,27.425,27.05
15-Oct-20,26.97,27.575,28.875,27.95,27.7,27.575,27.325,27.125,26.775
14-Oct-20,26.4,27.075,28.2,27.5,27.4,27.475,27.225,27,26.675
13-Oct-20,26.07,26.775,28.575,27.725,27.525,27.575,27.375,27.075,26.7
12-Oct-20,25.07,26.325,28.575,27.675,27.625,27.575,27.325,27,26.65
9-Oct-20,25,26.875,29.025,28.025,27.95,27.925,27.625,27.275,26.825
8-Oct-20,26.36,28.125,30.425,29.275,28.925,28.725,28.325,27.875,27.475
7-Oct-20,28.06,30.025,31.725,30.225,29.725,29.225,28.825,28.3,27.85
6-Oct-20,29.48,31.225,32.225,30.825,29.975,29.45,29.025,28.425,28
5-Oct-20,27.96,30.825,32.225,30.775,29.85,29.375,28.925,28.375,27.95
2-Oct-20,27.63,32.075,33.175,31.675,30.575,30.075,29.525,28.925,28.425
1-Oct-20,26.7,30.675,32.475,31.075,30.15,29.675,29.125,28.575,28.025
30-Sep-20,26.37,30.375,32.875,30.925,29.875,29.4,28.925,28.375,27.775
29-Sep-20,26.27,29.775,32.075,30.475,29.625,29.1,28.625,28.075,27.65
28-Sep-20,26.19,30.825,32.975,30.95,29.925,29.375,29.025,28.425,28.05
25-Sep-20,26.38,31.225,32.925,31.325,30.325,29.65,29.225,28.7,28.325
24-Sep-20,28.51,32.225,33.675,32.025,31.025,30.25,29.75,29.175,28.75
23-Sep-20,28.58,32.475,33.325,31.875,31.075,30.375,29.975,29.4,28.975
22-Sep-20,26.86,31.375,32.175,31.225,30.575,29.875,29.575,29.025,28.5
21-Sep-20,27.78,31.225,31.675,30.95,30.275,29.525,29.175,28.65,28.025
18-Sep-20,25.83,30.075,30.675,30.025,29.775,29.3,28.975,28.35,27.75
17-Sep-20,26.46,29.825,30.575,30.15,29.675,29.025,28.675,28.125,27.425
16-Sep-20,26.04,26.12,30.525,30.775,29.975,29.3,28.55,28.15,27.625
15-Sep-20,25.59,25.375,30.425,30.325,29.425,28.575,28.125,27.8,27.2
14-Sep-20,25.85,25.725,31.375,30.15,29.025,28.225,28.025,27.75,27.075
11-Sep-20,26.87,26.325,31.875,30.575,29.425,28.45,28.175,27.75,27
10-Sep-20,29.71,28.775,32.675,30.875,29.075,28.35,28.025,27.575,26.95
9-Sep-20,28.81,28.375,33.225,31.325,29.325,28.575,28.1,27.65,27.025
8-Sep-20,31.46,30.225,34.625,31.825,29.4,28.675,28.25,27.775,27.3
4-Sep-20,30.75,29.65,36.175,33.8,30.925,29.925,28.975,27.925,27.175
3-Sep-20,33.6,33.875,39.025,35.15,31.575,30.875,30.15,28.7,27.9
2-Sep-20,26.57,28.875,35.325,33.625,30.775,30.425,29.975,28.525,27.85
1-Sep-20,26.12,28.325,33.525,31.875,29.875,29.625,29.325,28.275,27.55
31-Aug-20,26.41,27.875,33.225,31.625,29.675,29.35,29.125,28.225,27.5
28-Aug-20,22.96,26.95,31.675,30.45,28.925,28.725,28.675,27.875,27.3
27-Aug-20,24.47,27.025,31.325,30.225,28.825,28.675,28.575,27.9,27.8
26-Aug-20,23.27,26.075,30.375,29.625,28.525,28.65,28.625,28.075,27.725
25-Aug-20,22.03,25.475,29.475,28.825,28.075,28.375,28.475,28.075,27.85
24-Aug-20,22.37,25.825,29.575,28.9,28.2,28.525,28.65,28.225,27.95
21-Aug-20,22.54,25.925,29.575,28.875,28.175,28.525,28.7,28.375,27.825
20-Aug-20,22.72,25.875,29.225,28.575,27.825,27.975,27.975,27.625,27.375
19-Aug-20,22.54,21.71,26.225,29.375,28.675,27.9,28.125,28.125,27.8
18-Aug-20,21.51,21.775,25.475,28.825,28.225,27.475,27.775,27.675,27.375
17-Aug-20,21.35,21.775,25.825,29.125,28.125,27.375,27.875,27.775,27.4
14-Aug-20,22.05,23.275,26.975,30.05,28.775,28.3,28.675,28.325,27.95
13-Aug-20,22.13,23.225,26.825,30.025,28.575,27.825,28.275,27.925,27.675
12-Aug-20,22.28,23.275,26.875,30.025,28.525,27.675,28.075,27.725,27.45
11-Aug-20,24.03,24.925,28.175,30.975,29.275,28.225,28.625,28.225,27.975
10-Aug-20,22.13,23.775,27.125,30.025,28.575,27.625,28.075,27.725,27.45
7-Aug-20,22.21,24.625,27.825,30.525,28.975,27.975,28.425,28.025,27.775
6-Aug-20,22.65,24.875,27.875,30.425,28.85,27.875,28.275,27.875,27.65
5-Aug-20,22.99,25.325,28.125,30.775,29.025,27.975,28.375,27.975,27.775
4-Aug-20,23.76,25.875,28.425,30.975,29.125,28.025,28.475,28.075,27.95
3-Aug-20,24.28,26.775,29.375,31.85,29.875,28.55,28.975,28.475,28.35
31-Jul-20,24.46,26.825,29.625,32.125,30.025,28.575,28.975,28.475,28.4
30-Jul-20,24.76,27.175,29.825,32.175,30.025,28.575,29.075,28.65,28.55
29-Jul-20,24.1,26.775,29.475,31.925,29.825,28.375,28.825,28.375,28.1
28-Jul-20,25.44,27.525,29.875,32.225,30.075,28.525,28.975,28.575,28.275
27-Jul-20,24.74,27.525,29.925,32.125,29.975,28.425,28.825,28.475,28.375
24-Jul-20,25.84,28.725,30.525,32.525,30.375,28.675,29.075,28.675,28.525
23-Jul-20,26.08,28.775,30.275,32.175,29.975,28.45,28.725,28.4,28.075
22-Jul-20,24.32,25.45,27.25,29.125,31.25,29.2,27.875,28.175,27.825
21-Jul-20,24.84,24.775,27.825,29.325,31.475,29.425,28.025,28.275,27.825
20-Jul-20,24.46,24.725,27.525,28.975,31.275,29.275,27.825,28.025,27.575
17-Jul-20,25.68,26.425,28.975,30.175,32.425,30.475,28.95,29,28.5
16-Jul-20,28,28.125,30.275,31.075,33.125,30.975,29.25,29.375,28.85
15-Jul-20,27.76,28.325,30.375,31.175,33.125,31.025,29.275,29.325,28.875
14-Jul-20,29.52,29.625,31.275,31.675,33.525,31.325,29.525,29.525,29.05
13-Jul-20,32.19,31.825,32.975,33.225,34.875,32.425,30.625,30.65,30.225
10-Jul-20,27.29,28.775,30.325,30.875,32.775,30.525,28.8,28.975,28.675
9-Jul-20,29.26,30.225,31.225,31.4,33.2,30.775,29.175,29.325,29.1
8-Jul-20,28.08,29.525,30.425,30.525,32.575,30.225,28.675,28.825,28.625
7-Jul-20,29.43,30.575,31.125,31.025,33.175,30.775,29.225,29.35,29.125
6-Jul-20,27.94,29.25,30.2,30.275,32.475,30.025,28.575,28.725,28.55
2-Jul-20,27.68,29.075,30.075,30.225,32.425,29.95,28.525,28.725,28.7
1-Jul-20,28.62,29.825,30.825,30.925,32.775,30.275,28.725,28.925,29.075
30-Jun-20,30.43,30.875,31.825,31.775,33.175,30.575,29.075,29.425,29.425
29-Jun-20,31.78,32.325,32.825,32.775,34.025,31.5,30.025,30.55,30.375
26-Jun-20,34.73,34.525,34.475,34.225,35.325,32.775,31.175,31.575,31.1
25-Jun-20,32.22,32.175,32.325,32.325,33.575,31.125,29.625,30.175,30
24-Jun-20,33.84,33.575,33.475,33.225,34.475,32.125,30.675,31.125,30.725
23-Jun-20,31.37,31.925,31.925,31.725,33.075,30.725,29.275,29.475,29.15
22-Jun-20,31.77,31.625,31.675,31.725,33.175,30.925,29.425,29.675,29.5
19-Jun-20,35.12,35.275,34.725,34.225,35.125,32.675,31.075,31,30.55
18-Jun-20,32.94,33.575,33.375,32.925,33.8,31.625,30.025,29.925,29.625
17-Jun-20,33.47,33.44,33.625,33.275,32.675,33.625,31.525,29.875,29.775
16-Jun-20,33.67,33.1,33.625,33.225,32.85,33.475,31.175,29.6,29.425
15-Jun-20,34.4,33.9,34.075,33.125,32.575,33.575,31.225,29.725,29.65
12-Jun-20,36.09,35.075,34.825,33.675,32.875,34.025,31.7,30.3,30.1
11-Jun-20,40.79,40.625,39.675,36.775,35.075,35.825,33.3,31.675,31.35
10-Jun-20,27.57,27.475,29.025,28.8,28.925,30.725,28.675,27.275,27.25
9-Jun-20,27.57,27.625,29.575,29.1,29.275,31.075,29.075,27.675,27.55
8-Jun-20,25.81,26.025,27.925,27.925,28.325,30.375,28.225,26.775,26.725
5-Jun-20,24.52,25.325,27.175,27.225,27.675,29.675,27.675,26.325,26.45
4-Jun-20,25.81,26.725,28.725,28.675,29.075,30.975,28.95,27.4,27.375
3-Jun-20,25.66,27,29.075,29.025,29.325,31.125,29.1,27.575,27.575
2-Jun-20,26.84,28.225,30.025,29.875,30.025,31.875,29.825,28.325,28.25
1-Jun-20,28.23,29.525,30.775,30.475,30.525,32.175,30.075,28.575,28.525
29-May-20,27.51,28.825,30.175,30.025,30.225,31.925,29.825,28.35,28.3
28-May-20,28.59,30.325,31.125,30.675,30.775,32.325,30.225,28.875,28.75
27-May-20,27.62,29.075,30.075,29.825,30.125,31.675,29.725,28.425,28.45
26-May-20,28.01,29.625,30.475,30.175,30.425,31.975,30,28.775,28.75
22-May-20,28.16,30.375,31.075,30.8,31.1,32.35,30.375,29.175,29.15
21-May-20,29.53,31.025,31.625,31.225,31.475,32.625,30.625,29.525,29.55
20-May-20,27.99,28.11,29.775,30.575,30.325,30.575,31.775,29.925,28.925
19-May-20,30.53,30.75,32.075,31.775,31.275,31.575,32.625,30.75,29.6
18-May-20,29.3,28.925,30.1,30.4,30.225,30.525,31.575,29.625,28.625
15-May-20,31.89,32.125,32.725,32.575,32.075,32.375,33.325,31.3,30.05
14-May-20,32.61,32.375,32.925,32.625,32.05,32.125,33.15,30.825,29.65
13-May-20,35.28,35.075,34.925,33.825,32.675,32.6,33.775,31.425,30.1
12-May-20,33.04,33.075,32.925,32.325,31.7,31.65,32.725,30.475,29.3
11-May-20,27.57,27.825,29.025,29.425,29.275,29.375,30.55,28.425,27.45
8-May-20,27.98,29.325,30.725,30.575,30.15,30.075,31.075,28.95,27.85
7-May-20,31.44,32.125,32.625,32.075,31.375,31.075,31.925,29.775,28.675
6-May-20,34.12,34.775,34.575,33.575,32.675,32.425,33.125,30.825,29.575
5-May-20,33.61,34.025,33.775,32.825,32.125,31.975,32.65,30.4,29.275
4-May-20,35.97,35.675,34.975,33.725,33.075,32.7,33.35,31.075,29.9
1-May-20,37.19,37.35,35.975,34.225,33.375,33.025,33.625,31.275,30
30-Apr-20,34.15,33.975,33.225,32.075,31.325,30.775,31.5,29.325,28.025
29-Apr-20,31.23,31.925,31.775,31.125,30.575,30.025,30.775,28.55,27.375
28-Apr-20,33.57,34.175,33.825,32.775,31.775,31.075,31.675,29.45,28.1
27-Apr-20,33.29,33.875,33.475,32.575,31.475,30.775,31.375,29.275,28.075
24-Apr-20,35.93,36.775,35.575,34.175,32.875,32.025,32.475,30.225,29
23-Apr-20,41.38,39.725,37.725,35.675,33.975,33.175,33.725,31.6,30.325
22-Apr-20,41.98,39.625,37.375,35.425,33.825,33.225,33.675,31.575,30.45
21-Apr-20,45.41,41.775,38.675,36.425,34.425,33.575,33.975,31.825,30.625
20-Apr-20,43.83,39.075,36.225,34.425,32.875,32.25,33.025,31.2,29.7
17-Apr-20,38.15,34.575,33.075,31.925,30.875,30.4,31.25,29.55,28.5
16-Apr-20,40.11,36.525,34.425,33.075,31.85,31.125,31.725,29.9,28.775
15-Apr-20,40.84,42.51,36.575,34.575,33.075,31.575,30.85,31.325,29.6
14-Apr-20,37.76,37.875,32.975,32.05,31.025,29.925,29.35,29.875,28.35
13-Apr-20,41.17,40.575,36.125,33.825,32.1,30.8,30.05,30.125,28.575
9-Apr-20,41.67,41.275,36.925,34.65,32.525,31.15,30.375,30.325,28.775
8-Apr-20,43.35,42.375,38.3,36.075,33.55,31.975,31.1,30.925,29.325
7-Apr-20,46.7,44.025,39.675,36.675,34.1,32.525,31.65,31.375,29.9
6-Apr-20,45.24,41.775,37.925,35.875,33.475,31.725,30.325,30.275,28.925
3-Apr-20,46.8,44.925,40.9,37.925,35.025,33.075,31.5,31.275,29.975
2-Apr-20,50.91,47.175,42.025,38.35,35.425,33.425,31.675,31.225,30.1
1-Apr-20,57.06,51.325,44.625,40.375,36.775,34.375,32.525,31.95,30.75
31-Mar-20,53.54,46.775,40.925,37.225,33.925,31.675,30.1,29.925,28.7
30-Mar-20,57.08,49.775,42.75,38.175,34.3,31.425,29.925,29.775,28.6
27-Mar-20,65.54,53.425,44.825,39.45,35.35,32.25,30.85,30.65,29.325
26-Mar-20,61,45.875,39.65,35.525,32.325,29.825,28.65,28.875,27.85
25-Mar-20,63.95,51.275,44.525,39.25,34.8,31.675,30.7,30.65,29.2
24-Mar-20,61.67,48.25,40.15,35.7,30.9,27.75,26.8,27,25.825
23-Mar-20,61.59,49.45,45.325,40.35,34.475,30.7,28.575,29.575,28.525
20-Mar-20,66.04,61.525,56.625,49.725,42.075,36.425,32.975,33.125,31.45
19-Mar-20,72,66.3,58.975,50.4,42.975,37,33.725,34.05,32.575
18-Mar-20,76.45,69.76,70.475,59.925,51.5,44.3,37.475,34.6,34.125
17-Mar-20,75.91,68.825,61.425,48.7,42.075,36.7,32.85,31.225,31.2
16-Mar-20,82.69,72.625,59.15,44.875,38.95,34.975,32.175,30.875,30.675
13-Mar-20,57.83,53.425,43.9,34.525,30.65,28.475,27.075,26.525,26.7
12-Mar-20,75.47,58.3,45.825,36.575,33.025,30.925,29.475,28.525,28.575
11-Mar-20,53.9,46.35,38.575,32.225,29.275,27.85,26.825,25.9,26.65
10-Mar-20,47.3,41.825,34.775,29.525,27.225,25.975,25.275,24.775,25.6
9-Mar-20,54.46,44.375,36.225,30.075,27.775,26.575,25.925,25.5,26.45
6-Mar-20,41.94,35.775,30.325,26.275,24.675,23.825,23.375,23.1,24.825
5-Mar-20,39.62,31.875,27.525,24.675,23.225,22.275,21.925,21.625,23.45
4-Mar-20,31.99,27.425,24.625,22.375,21.375,20.625,20.375,20.275,22.225
3-Mar-20,36.82,29.175,25.525,22.825,21.575,20.7,20.475,20.5,22.9
2-Mar-20,33.42,26.275,23.325,21.275,20.325,19.825,19.625,19.825,22.625
28-Feb-20,40.11,26.325,23.025,21.275,20.375,19.825,19.625,19.625,22.55
27-Feb-20,39.16,26.275,23.525,21.775,20.925,20.275,19.85,19.8,22.75
26-Feb-20,27.56,22.325,20.975,19.725,19.425,19.175,19.075,19.225,22.2
25-Feb-20,27.85,22.225,20.875,19.575,19.275,19.075,18.975,19.075,22.025
24-Feb-20,25.03,20.075,19.375,18.425,18.375,18.375,18.325,18.45,21.325
21-Feb-20,17.08,16.925,17.325,17.175,17.375,17.525,17.575,17.775,20.6
20-Feb-20,15.56,16.075,16.825,16.825,17.175,17.325,17.375,17.575,20.125
19-Feb-20,14.38,14.51,15.375,16.325,16.525,16.925,17.125,17.225,17.375
18-Feb-20,14.83,14.875,15.825,16.525,16.675,17.025,17.225,17.275,17.425
14-Feb-20,13.68,14.425,15.425,16.125,16.325,16.725,16.975,16.975,17.225
13-Feb-20,14.15,14.825,15.575,16.325,16.475,16.825,17.025,17.075,17.275
12-Feb-20,13.74,14.475,15.325,16.125,16.275,16.675,16.925,16.975,17.15
11-Feb-20,15.18,15.625,15.925,16.475,16.575,16.925,17.125,17.175,17.375
10-Feb-20,15.04,15.625,15.975,16.475,16.525,16.875,17.075,17.125,17.325
7-Feb-20,15.47,16.025,16.225,16.725,16.675,17.025,17.225,17.25,17.45
6-Feb-20,14.96,15.575,15.975,16.375,16.4,16.775,17.025,17.1,17.375
5-Feb-20,15.15,15.725,16.125,16.525,16.525,16.875,17.125,17.175,17.4
4-Feb-20,16.05,16.525,16.525,16.775,16.675,16.925,17.125,17.175,17.35
3-Feb-20,17.97,17.975,17.425,17.475,17.275,17.525,17.725,17.725,17.9
31-Jan-20,18.84,18.225,17.725,17.825,17.575,17.85,17.975,17.975,18.125
30-Jan-20,15.49,16.075,16.425,16.725,16.725,17.075,17.325,17.375,17.6
29-Jan-20,16.39,16.675,16.775,17.075,17.025,17.375,17.575,17.675,17.875
28-Jan-20,16.28,16.675,16.825,17.075,16.975,17.275,17.525,17.625,17.8
27-Jan-20,18.23,17.775,17.325,17.525,17.425,17.775,17.975,18.075,18.125
24-Jan-20,14.56,16.025,16.225,16.675,16.725,17.125,17.325,17.475,17.725
23-Jan-20,12.98,15.025,15.675,16.275,16.475,16.825,17.075,17.225,17.5
22-Jan-20,12.91,12.62,15.175,15.725,16.275,16.525,16.875,17.125,17.325
21-Jan-20,12.85,12.925,15.075,15.525,16.025,16.25,16.675,17,17.175
17-Jan-20,12.1,12.525,14.925,15.375,16.025,16.325,16.725,17.025,17.175
16-Jan-20,12.32,12.575,14.925,15.375,15.975,16.225,16.625,16.975,17.125
15-Jan-20,12.42,12.925,15.175,15.575,16.175,16.425,16.825,17.125,17.275
14-Jan-20,12.39,13.075,15.225,15.675,16.3,16.575,16.975,17.25,17.375
13-Jan-20,12.32,13.175,15.375,15.775,16.375,16.625,16.975,17.225,17.375
10-Jan-20,12.56,13.575,15.725,16.075,16.575,16.825,17.125,17.375,17.525
9-Jan-20,12.54,13.625,15.775,16.125,16.675,16.875,17.175,17.425,17.525
8-Jan-20,13.45,14.175,16.125,16.425,16.925,17.075,17.375,17.625,17.75
7-Jan-20,13.79,14.675,16.525,16.825,17.225,17.375,17.625,17.825,17.9
6-Jan-20,13.85,14.875,16.675,16.875,17.275,17.425,17.725,17.975,18.075
3-Jan-20,14.02,15.025,16.725,16.875,17.325,17.475,17.775,18.025,18.075
2-Jan-20,12.47,14.075,16.125,16.525,17.025,17.175,17.475,17.725,17.825
31-Dec-19,13.78,14.625,16.625,16.925,17.425,17.575,17.875,18.125,18.175
30-Dec-19,14.82,15.525,17.375,17.525,17.9,18.025,18.325,18.475,18.525
27-Dec-19,13.43,15.125,17.025,17.175,17.625,17.775,18.025,18.225,18.275
26-Dec-19,12.65,14.525,16.575,16.775,17.225,17.375,17.675,17.975,18.05
24-Dec-19,12.67,14.525,16.475,16.725,17.225,17.375,17.725,18.025,18.15
23-Dec-19,12.61,14.775,16.575,16.775,17.275,17.425,17.725,18.025,18.125
20-Dec-19,12.51,14.775,16.425,16.725,17.275,17.425,17.7,17.975,18.15
19-Dec-19,12.5,14.625,16.275,16.625,17.225,17.375,17.725,17.975,18.125
18-Dec-19,12.58,11.99,14.825,16.425,16.825,17.425,17.575,17.875,18.125
17-Dec-19,12.29,12.475,14.875,16.425,16.875,17.475,17.625,17.925,18.15
16-Dec-19,12.14,12.225,14.825,16.425,16.775,17.325,17.425,17.625,17.975
13-Dec-19,12.63,12.575,15.175,16.625,16.975,17.575,17.625,17.825,18.125
12-Dec-19,13.94,13.625,15.925,17.125,17.375,17.925,18.025,18.2,18.475
11-Dec-19,14.99,14.775,16.575,17.625,17.825,18.325,18.375,18.525,18.775
10-Dec-19,15.68,15.275,16.875,17.925,18.025,18.525,18.575,18.675,18.925
9-Dec-19,15.86,15.625,17.125,18.075,18.075,18.575,18.675,18.775,18.975
6-Dec-19,13.62,14.425,16.375,17.525,17.675,18.225,18.425,18.525,18.8
5-Dec-19,14.52,15.025,16.775,17.925,18.075,18.525,18.675,18.775,19
4-Dec-19,14.8,15.325,16.975,18.125,18.225,18.625,18.8,18.875,19.125
3-Dec-19,15.96,16.225,17.575,18.575,18.525,18.875,19.025,19.125,19.325
2-Dec-19,14.91,15.225,17.075,18.225,18.275,18.725,18.825,18.925,19.05
29-Nov-19,12.62,14.125,16.375,17.675,17.875,18.225,18.375,18.5,18.65
27-Nov-19,11.75,13.825,16.125,17.325,17.575,18.025,18.225,18.325,18.55
26-Nov-19,11.54,13.875,16.075,17.275,17.575,17.975,18.175,18.325,18.525
25-Nov-19,11.87,14.075,16.225,17.425,17.725,18.075,18.325,18.425,18.625
22-Nov-19,12.34,14.775,16.725,17.775,18.075,18.425,18.625,18.75,18.9
21-Nov-19,13.13,15.325,17.025,17.975,18.275,18.625,18.775,18.875,18.975
20-Nov-19,12.78,13.01,15.175,16.825,17.775,18.075,18.425,18.575,18.675
19-Nov-19,12.86,13.075,15.225,16.575,17.525,17.875,18.225,18.375,18.475
18-Nov-19,12.46,12.675,15.025,16.475,17.425,17.725,18.075,18.225,18.35
15-Nov-19,12.05,12.975,15.125,16.575,17.525,17.825,18.125,18.25,18.4
14-Nov-19,13.05,13.725,15.625,16.975,17.775,17.975,18.325,18.425,18.55
13-Nov-19,13,13.975,15.825,17.175,17.925,18.125,18.425,18.525,18.625
12-Nov-19,12.68,13.875,15.825,17.175,17.925,18.175,18.425,18.525,18.625
11-Nov-19,12.69,14.075,15.825,17.125,17.875,18.075,18.375,18.475,18.6
8-Nov-19,12.07,14.275,16.025,17.325,18.075,18.225,18.5,18.575,18.7
7-Nov-19,12.73,14.625,16.175,17.425,18.125,18.275,18.525,18.575,18.7
6-Nov-19,12.62,14.775,16.325,17.575,18.225,18.375,18.575,18.625,18.7
5-Nov-19,13.1,15.025,16.575,17.625,18.225,18.325,18.525,18.525,18.625
4-Nov-19,12.83,14.725,16.225,17.325,17.975,18.075,18.275,18.325,18.4
1-Nov-19,12.3,14.575,16.175,17.325,18.025,18.125,18.325,18.375,18.5
31-Oct-19,13.22,15.275,16.725,17.875,18.325,18.375,18.575,18.6,18.675
30-Oct-19,12.33,14.975,16.475,17.625,18.125,18.225,18.475,18.475,18.6
29-Oct-19,13.2,15.475,17.025,18.025,18.425,18.475,18.675,18.725,18.85
28-Oct-19,13.11,15.625,17.025,18.025,18.375,18.425,18.625,18.675,18.775
25-Oct-19,12.65,15.425,16.925,17.825,18.225,18.325,18.575,18.65,18.75
24-Oct-19,13.71,16.025,17.275,18.125,18.525,18.575,18.775,18.825,18.95
23-Oct-19,14.01,16.175,17.325,18.125,18.525,18.525,18.725,18.775,18.85
22-Oct-19,14.46,16.475,17.575,18.375,18.725,18.725,18.925,18.925,19
21-Oct-19,14,16.075,17.225,18.125,18.475,18.525,18.675,18.725,18.85
18-Oct-19,14.25,16.675,17.525,18.425,18.775,18.825,18.975,19.025,19.125
17-Oct-19,13.79,16.575,17.425,18.275,18.575,18.575,18.725,18.725,18.85
16-Oct-19,13.68,13.78,16.725,17.475,18.375,18.725,18.775,18.875,18.875
15-Oct-19,13.54,13.625,16.875,17.525,18.375,18.775,18.8,18.975,18.975
14-Oct-19,14.57,14.525,17.325,17.875,18.675,18.975,18.975,19.125,19.05
11-Oct-19,15.58,15.825,18.075,18.425,19.025,19.325,19.225,19.35,19.25
10-Oct-19,17.57,17.625,18.825,18.825,19.425,19.625,19.525,19.625,19.525
9-Oct-19,18.64,18.575,19.275,19.175,19.775,19.975,19.875,19.925,19.825
8-Oct-19,20.28,20.075,19.975,19.725,20.125,20.275,20.125,20.175,20.05
7-Oct-19,17.86,17.975,18.775,18.675,19.225,19.475,19.425,19.55,19.475
4-Oct-19,17.04,17.625,18.675,18.625,19.175,19.375,19.375,19.475,19.45
3-Oct-19,19.12,18.975,19.375,19.225,19.675,19.875,19.775,19.85,19.75
2-Oct-19,20.56,20.075,20.175,19.825,20.175,20.275,20.125,20.125,19.975
1-Oct-19,18.56,18.575,19.325,19.025,19.475,19.625,19.625,19.725,19.625
30-Sep-19,16.24,17.125,18.275,18.325,18.825,19.075,19.075,19.225,19.2
27-Sep-19,17.22,18.025,19.025,18.8,19.225,19.425,19.425,19.5,19.425
26-Sep-19,16.07,17.425,18.575,18.525,19,19.2,19.175,19.275,19.2
25-Sep-19,15.96,17.225,18.375,18.325,18.875,19.125,19.075,19.275,19.3
24-Sep-19,17.05,17.875,18.675,18.575,19.125,19.275,19.25,19.425,19.475
23-Sep-19,14.91,16.725,18.025,18.075,18.675,18.875,18.925,19.125,19.05
20-Sep-19,15.32,17.225,18.375,18.375,18.875,19.075,19.075,19.225,19.2
19-Sep-19,14.05,16.225,17.575,17.725,18.325,18.525,18.575,18.725,18.65
18-Sep-19,13.95,14.54,16.375,17.575,17.725,18.325,18.525,18.575,18.75
17-Sep-19,14.44,14.525,17.075,17.925,18.025,18.575,18.775,18.775,18.9
16-Sep-19,14.67,14.625,17.275,17.925,17.925,18.475,18.675,18.625,18.725
13-Sep-19,13.74,14.475,16.875,17.575,17.625,18.175,18.375,18.375,18.475
12-Sep-19,14.22,14.975,17.025,17.625,17.575,18.175,18.375,18.375,18.475
11-Sep-19,14.61,15.725,17.325,17.825,17.725,18.325,18.525,18.425,18.525
10-Sep-19,15.2,16.225,17.675,18.025,17.875,18.475,18.625,18.575,18.65
9-Sep-19,15.27,16.425,17.675,17.975,17.775,18.375,18.525,18.425,18.55
6-Sep-19,15,16.525,17.725,18.075,17.875,18.425,18.525,18.425,18.475
5-Sep-19,16.27,17.275,18.225,18.375,18.175,18.675,18.725,18.6,18.7
4-Sep-19,17.33,18.075,18.675,18.675,18.4,18.875,18.975,18.825,18.925
3-Sep-19,19.66,19.525,19.525,19.425,19.025,19.475,19.525,19.35,19.375
30-Aug-19,18.98,18.825,19.175,19.125,18.675,19.1,19.2,18.975,19.075
29-Aug-19,17.88,18.475,19.025,18.925,18.525,18.925,19.025,18.875,18.925
28-Aug-19,19.35,19.375,19.625,19.325,18.925,19.325,19.375,19.175,19.275
27-Aug-19,20.31,20.125,20.075,19.675,19.225,19.575,19.625,19.425,19.5
26-Aug-19,19.32,19.425,19.425,19.075,18.725,19.175,19.225,19.125,19.25
23-Aug-19,19.87,19.675,19.475,19.275,18.875,19.325,19.35,19.225,19.3
22-Aug-19,16.68,17.875,18.325,18.275,17.975,18.425,18.525,18.425,18.55
21-Aug-19,15.8,15.63,17.375,18.025,18.125,17.875,18.275,18.325,18.3
20-Aug-19,17.5,17.225,18.475,18.675,18.575,18.225,18.575,18.625,18.55
19-Aug-19,16.88,16.825,18.075,18.275,18.125,17.775,18.175,18.175,18.125
16-Aug-19,18.47,18.775,19.325,19.175,18.875,18.325,18.675,18.625,18.5
15-Aug-19,21.18,21.175,20.475,19.875,19.325,18.775,19.075,19.025,18.875
14-Aug-19,22.1,21.425,20.425,19.825,19.325,18.775,19.075,19.075,18.975
13-Aug-19,17.52,18.125,18.475,18.35,18.125,17.675,18.075,18.075,18.025
12-Aug-19,21.09,20.775,19.975,19.475,18.925,18.375,18.725,18.725,18.6
9-Aug-19,17.97,18.475,18.575,18.325,18.025,17.6,18,18.025,17.95
8-Aug-19,16.91,17.725,18.075,17.925,17.675,17.325,17.725,17.825,17.775
7-Aug-19,19.49,19.375,19.125,18.775,18.375,17.925,18.325,18.35,18.3
6-Aug-19,20.17,19.675,19.425,18.925,18.525,18.05,18.475,18.5,18.375
5-Aug-19,24.59,21.625,20.225,19.575,18.925,18.375,18.7,18.75,18.55
2-Aug-19,17.61,17.475,17.675,17.675,17.475,17.225,17.725,17.875,17.875
1-Aug-19,17.87,17.475,17.775,17.725,17.525,17.275,17.775,17.95,17.95
31-Jul-19,16.12,16.075,17.175,17.375,17.325,17.075,17.575,17.725,17.675
30-Jul-19,13.94,15.075,16.425,16.725,16.775,16.625,17.175,17.325,17.35
29-Jul-19,12.83,14.475,15.925,16.275,16.425,16.275,16.875,17.075,17.125
26-Jul-19,12.16,14.375,15.825,16.275,16.475,16.375,16.925,17.125,17.125
25-Jul-19,12.74,14.675,16.125,16.525,16.625,16.475,17.075,17.275,17.275
24-Jul-19,12.07,14.375,15.825,16.225,16.375,16.225,16.775,17.025,17.05
23-Jul-19,12.61,14.775,16.125,16.525,16.625,16.475,17.05,17.275,17.275
22-Jul-19,13.53,15.175,16.375,16.775,16.925,16.775,17.325,17.5,17.525
19-Jul-19,14.45,15.875,16.725,16.975,16.975,16.825,17.375,17.575,17.575
18-Jul-19,13.53,15.325,16.375,16.725,16.875,16.725,17.275,17.475,17.45
17-Jul-19,13.97,12.69,15.725,16.575,16.875,17.025,16.875,17.425,17.625
16-Jul-19,12.86,12.775,15.325,16.175,16.625,16.775,16.675,17.225,17.375
15-Jul-19,12.68,12.875,15.225,16.025,16.425,16.625,16.45,16.975,17.2
12-Jul-19,12.39,13.125,15.225,16.025,16.375,16.525,16.375,16.925,17.15
11-Jul-19,12.93,13.625,15.425,16.075,16.425,16.575,16.425,16.925,17.15
10-Jul-19,13.03,14.025,15.575,16.125,16.525,16.675,16.525,17.075,17.225
9-Jul-19,14.09,14.825,16.075,16.525,16.775,16.875,16.675,17.175,17.35
8-Jul-19,13.96,14.875,16.025,16.425,16.675,16.775,16.575,17.075,17.25
5-Jul-19,13.28,14.325,15.675,16.125,16.425,16.55,16.375,16.925,17.125
3-Jul-19,12.57,14.025,15.525,16.075,16.375,16.55,16.375,16.925,17.1
2-Jul-19,12.93,14.225,15.575,16.125,16.475,16.625,16.425,16.975,17.2
1-Jul-19,14.06,14.925,16.125,16.575,16.775,16.85,16.625,17.175,17.4
28-Jun-19,15.08,15.525,16.575,16.925,17.075,17.075,16.825,17.325,17.5
27-Jun-19,15.82,16.075,16.975,17.275,17.375,17.375,17.125,17.625,17.775
26-Jun-19,16.21,16.525,17.275,17.525,17.575,17.575,17.275,17.775,17.9
25-Jun-19,16.28,16.675,17.325,17.575,17.675,17.625,17.35,17.825,17.95
24-Jun-19,15.26,16.275,16.975,17.225,17.325,17.325,17.075,17.575,17.7
21-Jun-19,15.4,16.525,17.125,17.375,17.475,17.425,17.175,17.675,17.825
20-Jun-19,14.75,16.125,16.725,16.975,17.075,17.075,16.875,17.4,17.5
19-Jun-19,14.33,14.8,15.875,16.575,16.975,17.175,17.225,17.025,17.525
18-Jun-19,15.15,15.075,16.625,16.875,17.225,17.325,17.325,17.075,17.575
17-Jun-19,15.35,15.275,16.625,16.875,17.125,17.275,17.275,17.025,17.575
14-Jun-19,15.28,15.775,16.775,17.025,17.325,17.425,17.425,17.175,17.7
13-Jun-19,15.82,16.125,17.025,17.225,17.475,17.525,17.5,17.225,17.725
12-Jun-19,15.91,16.325,17.025,17.225,17.475,17.575,17.55,17.275,17.775
11-Jun-19,15.99,16.475,17.125,17.275,17.475,17.475,17.475,17.225,17.725
10-Jun-19,15.94,16.375,17.025,17.125,17.325,17.425,17.375,17.125,17.65
7-Jun-19,16.3,16.725,17.225,17.325,17.525,17.575,17.55,17.275,17.8
6-Jun-19,15.93,16.475,17.125,17.225,17.425,17.425,17.425,17.125,17.7
5-Jun-19,16.09,16.625,17.325,17.425,17.575,17.625,17.575,17.25,17.8
4-Jun-19,16.97,17.225,17.675,17.675,17.725,17.725,17.675,17.375,17.85
3-Jun-19,18.86,18.275,18.325,18.225,18.275,18.275,18.175,17.9,18.375
31-May-19,18.71,18.175,18.375,18.325,18.325,18.275,18.225,17.875,18.375
30-May-19,17.3,17.425,17.825,17.775,17.875,17.925,17.875,17.6,18.125
29-May-19,17.9,17.775,18.025,18.025,18.075,18.075,18.025,17.775,18.3
28-May-19,17.5,17.375,17.725,17.725,17.875,17.875,17.875,17.625,18.125
24-May-19,15.85,16.725,17.325,17.425,17.625,17.675,17.725,17.45,17.975
23-May-19,16.92,17.325,17.625,17.675,17.725,17.775,17.775,17.525,18.05
22-May-19,14.75,15.01,16.225,16.875,17.075,17.225,17.325,17.375,17.2
21-May-19,14.95,15.025,16.275,16.725,16.975,17.225,17.3,17.325,17.1
20-May-19,16.31,16.125,17.175,17.425,17.475,17.575,17.625,17.625,17.35
17-May-19,15.96,15.875,17.025,17.225,17.275,17.375,17.425,17.425,17.2
16-May-19,15.29,15.725,16.775,17.125,17.225,17.375,17.4,17.375,17.175
15-May-19,16.44,16.925,17.375,17.475,17.425,17.525,17.525,17.475,17.225
14-May-19,18.06,18.125,18.075,17.925,17.725,17.725,17.725,17.675,17.425
13-May-19,20.55,19.525,18.975,18.675,18.425,18.425,18.375,18.225,17.95
10-May-19,16.04,16.125,16.825,17.025,17.1,17.275,17.325,17.35,17.225
9-May-19,19.1,17.975,17.875,17.775,17.675,17.725,17.775,17.725,17.525
8-May-19,19.4,18.175,17.925,17.775,17.625,17.725,17.775,17.7,17.475
7-May-19,19.32,17.875,17.725,17.775,17.725,17.925,17.875,17.85,17.65
6-May-19,15.44,15.525,16.325,16.725,16.875,17.125,17.25,17.325,17.2
3-May-19,12.87,14.275,15.575,16.225,16.575,16.875,17.05,17.125,16.975
2-May-19,14.42,15.175,16.225,16.725,16.975,17.225,17.325,17.375,17.25
1-May-19,14.8,15.225,16.325,16.775,16.975,17.225,17.375,17.425,17.25
30-Apr-19,13.12,14.425,15.775,16.325,16.575,16.825,17.025,17.075,16.95
29-Apr-19,13.11,14.525,15.725,16.225,16.525,16.825,16.975,17.075,16.925
26-Apr-19,12.73,14.325,15.525,16.125,16.425,16.725,16.875,17,16.85
25-Apr-19,13.25,14.825,15.975,16.475,16.675,16.875,17.025,17.075,16.925
24-Apr-19,13.14,14.575,15.625,16.125,16.425,16.675,16.825,16.875,16.775
23-Apr-19,12.28,14.125,15.325,16.025,16.375,16.675,16.875,17.025,16.9
22-Apr-19,12.42,14.175,15.375,16.025,16.375,16.675,16.875,16.975,16.85
18-Apr-19,12.09,14.425,15.575,16.2,16.575,16.85,17.025,17.1,16.95
17-Apr-19,12.6,11.71,14.625,15.625,16.225,16.575,16.875,17.05,17.15
16-Apr-19,12.18,12.575,14.625,15.575,16.225,16.625,16.925,17.075,17.175
15-Apr-19,12.32,12.575,14.675,15.475,16.125,16.525,16.825,17,17.075
12-Apr-19,12.01,12.775,14.775,15.575,16.175,16.575,16.875,17.025,17.075
11-Apr-19,13.02,13.825,15.525,16.025,16.425,16.625,16.825,16.9,16.975
10-Apr-19,13.3,14.425,15.775,16.175,16.625,16.775,16.95,17.025,17.1
9-Apr-19,14.28,15.075,16.225,16.525,16.825,16.875,17.075,17.125,17.175
8-Apr-19,13.18,14.475,15.675,16.025,16.325,16.475,16.7,16.825,16.925
5-Apr-19,12.82,14.325,15.675,16.075,16.425,16.575,16.825,16.975,17.05
4-Apr-19,13.58,14.775,15.925,16.325,16.625,16.775,16.925,17.025,17.125
3-Apr-19,13.74,14.875,16.025,16.325,16.575,16.725,16.925,17,17.075
2-Apr-19,13.36,14.875,16.075,16.475,16.775,16.925,17.125,17.175,17.225
1-Apr-19,13.4,14.875,15.975,16.325,16.675,16.825,16.975,17.075,17.175
29-Mar-19,13.71,15.225,16.325,16.675,16.925,17.025,17.175,17.25,17.25
28-Mar-19,14.43,15.625,16.625,16.975,17.275,17.375,17.475,17.525,17.55
27-Mar-19,15.15,16.225,16.975,17.275,17.475,17.525,17.675,17.675,17.7
26-Mar-19,14.68,15.925,16.675,16.925,17.175,17.275,17.375,17.425,17.45
25-Mar-19,16.33,16.825,17.225,17.375,17.475,17.475,17.525,17.575,17.55
22-Mar-19,16.48,16.725,17.125,17.175,17.275,17.275,17.375,17.4,17.425
21-Mar-19,13.63,15.075,15.925,16.225,16.525,16.675,16.825,16.975,17
20-Mar-19,13.91,15.325,16.125,16.425,16.725,16.875,17.075,17.175,17.225
19-Mar-19,13.56,12.35,15.125,15.925,16.275,16.575,16.775,17,17.1
18-Mar-19,13.1,12.925,15.025,15.725,16.125,16.55,16.825,17.025,17.125
15-Mar-19,12.88,13.475,14.875,15.575,16.025,16.375,16.575,16.825,16.95
14-Mar-19,13.5,13.925,15.325,15.875,16.275,16.575,16.775,16.975,17.075
13-Mar-19,13.41,14.075,15.475,15.975,16.275,16.575,16.725,16.925,17.05
12-Mar-19,13.77,14.475,15.675,16.175,16.475,16.775,16.875,17.05,17.125
11-Mar-19,14.33,15.025,15.925,16.375,16.675,16.925,16.975,17.125,17.225
8-Mar-19,16.05,16.675,16.975,17.225,17.35,17.5,17.5,17.575,17.625
7-Mar-19,16.59,16.725,16.875,17.125,17.275,17.425,17.425,17.525,17.6
6-Mar-19,15.74,16.075,16.475,16.825,16.925,17.125,17.125,17.225,17.325
5-Mar-19,14.74,15.475,16.075,16.425,16.625,16.825,16.875,16.925,17.075
4-Mar-19,14.63,15.275,15.875,16.325,16.525,16.725,16.775,16.925,17.05
1-Mar-19,13.57,14.825,15.625,16.125,16.4,16.625,16.675,16.825,16.95
28-Feb-19,14.78,15.575,16.225,16.65,16.75,16.825,16.875,17.075,17.225
27-Feb-19,14.7,15.675,16.325,16.675,16.725,16.875,16.975,17.125,17.3
26-Feb-19,15.17,15.725,16.375,16.675,16.775,16.975,17.125,17.35,17.55
25-Feb-19,14.85,15.575,16.125,16.425,16.525,16.775,16.925,17.2,17.45
22-Feb-19,13.51,15.175,15.925,16.375,16.625,16.825,16.975,17.25,17.5
21-Feb-19,14.46,15.875,16.475,16.775,16.925,17.125,17.275,17.575,17.9
20-Feb-19,14.02,15.575,16.225,16.675,16.875,17.15,17.325,17.6,17.9
19-Feb-19,14.88,16.325,16.625,16.925,17.075,17.325,17.525,17.8,18.075
15-Feb-19,14.91,16.325,16.625,16.975,17.125,17.375,17.525,17.825,18.125
14-Feb-19,16.22,16.925,17.125,17.375,17.475,17.675,17.825,18.075,18.325
13-Feb-19,15.65,15.6,16.675,16.825,17.075,17.225,17.475,17.625,17.925
12-Feb-19,15.43,15.625,16.725,16.875,17.275,17.425,17.675,17.825,18.1
11-Feb-19,15.97,16.225,16.975,17.075,17.425,17.525,17.75,17.925,18.2
8-Feb-19,15.72,16.625,17.075,17.175,17.475,17.575,17.775,17.925,18.175
7-Feb-19,16.37,17.175,17.375,17.325,17.575,17.625,17.875,18.025,18.275
6-Feb-19,15.38,16.375,16.825,16.975,17.275,17.325,17.575,17.725,18
5-Feb-19,15.57,16.525,16.975,17.075,17.375,17.475,17.725,17.875,18.175
4-Feb-19,15.73,16.525,17.075,17.275,17.525,17.625,17.925,18.075,18.375
1-Feb-19,16.14,17.025,17.525,17.675,17.925,18.025,18.225,18.325,18.65
31-Jan-19,16.57,17.125,17.775,17.925,18.125,18.125,18.325,18.425,18.725
30-Jan-19,17.66,17.975,18.375,18.425,18.525,18.525,18.675,18.775,19.05
29-Jan-19,19.13,18.925,18.875,18.675,18.675,18.675,18.825,18.925,19.25
28-Jan-19,18.87,19.125,19.125,18.925,18.925,18.925,19.075,19.15,19.425
25-Jan-19,17.42,18.275,18.525,18.425,18.575,18.575,18.725,18.825,19.15
24-Jan-19,18.89,19.175,19.225,18.975,18.925,18.925,19.075,19.175,19.45
23-Jan-19,19.52,19.725,19.575,19.275,19.275,19.175,19.325,19.4,19.625
22-Jan-19,20.8,20.175,19.725,19.325,19.275,19.175,19.325,19.425,19.675
18-Jan-19,17.8,18.325,18.625,18.575,18.675,18.675,18.875,19.075,19.375
17-Jan-19,18.06,18.525,18.775,18.775,18.875,18.875,19.075,19.225,19.525
16-Jan-19,19.04,18.87,19.025,19.075,19.075,19.075,19.025,19.175,19.375
15-Jan-19,18.6,18.825,18.825,19.025,19.075,19.075,19.025,19.175,19.375
14-Jan-19,19.07,19.225,19.475,19.625,19.525,19.475,19.375,19.55,19.675
11-Jan-19,18.19,19.025,19.475,19.725,19.625,19.575,19.5,19.6,19.7
10-Jan-19,19.5,19.875,20.025,20.125,19.925,19.8,19.725,19.825,19.9
9-Jan-19,19.98,20.125,20.275,20.225,20,19.875,19.775,19.875,19.925
8-Jan-19,20.47,20.625,20.625,20.475,20.125,19.975,19.825,19.875,19.975
7-Jan-19,21.4,21.425,20.925,20.675,20.325,20.175,20.025,20.175,20.225
4-Jan-19,21.38,21.925,21.225,20.875,20.475,20.275,20.175,20.275,20.3
3-Jan-19,25.45,24.375,22.775,22.125,21.525,21.225,20.975,21.075,21
2-Jan-19,23.22,23.125,21.875,21.375,20.875,20.625,20.475,20.625,20.6
31-Dec-18,25.42,24.175,22.275,21.575,20.975,20.75,20.55,20.675,20.675
28-Dec-18,28.34,25.325,22.975,22.025,21.325,20.975,20.825,20.95,20.925
27-Dec-18,29.96,25.025,22.925,21.975,21.225,20.925,20.825,20.975,21
26-Dec-18,30.41,24.675,22.625,21.625,20.925,20.675,20.625,20.8,20.8
24-Dec-18,36.07,25.9,23.325,22.175,21.425,21.125,21.1,21.35,21.2
21-Dec-18,30.11,24.3,22.925,22.125,21.425,21.125,21.025,21.2,21.2
20-Dec-18,28.38,22.725,22.075,21.625,21.125,20.875,20.775,20.975,21.025
19-Dec-18,25.58,26.2,22.325,21.925,21.575,21.075,20.875,20.775,20.975
18-Dec-18,25.58,24.675,21.975,21.625,21.325,20.875,20.675,20.575,20.775
17-Dec-18,24.52,23.475,21.675,21.225,20.975,20.575,20.425,20.325,20.525
14-Dec-18,21.63,21.725,20.875,20.575,20.425,20.075,19.975,19.925,20.1
13-Dec-18,20.65,20.725,20.225,20.175,20.075,19.825,19.725,19.725,19.925
12-Dec-18,21.46,21.075,20.425,20.275,20.125,19.775,19.725,19.675,19.825
11-Dec-18,21.76,21.275,20.475,20.275,20.125,19.775,19.675,19.625,19.825
10-Dec-18,22.64,21.325,20.525,20.175,19.975,19.675,19.575,19.575,19.75
7-Dec-18,23.23,21.425,20.675,20.175,20.075,19.775,19.625,19.625,19.8
6-Dec-18,21.19,19.925,19.475,19.225,19.275,19.075,19.025,19.025,19.225
5-Dec-18,20.74,19.025,19.05,18.975,19.025,18.9,18.9,18.925,19.1
4-Dec-18,16.44,19.425,19.275,19.125,19.175,18.975,18.975,18.975,19.1
3-Dec-18,18.07,16.775,17.375,17.675,17.925,17.875,17.975,18.075,18.3
30-Nov-18,18.79,17.675,18.175,18.375,18.575,18.475,18.525,18.575,18.8
29-Nov-18,18.49,18.375,18.825,18.925,18.975,18.875,18.875,18.925,19.15
28-Nov-18,19.02,18.225,18.575,18.725,18.825,18.725,18.775,18.825,19
27-Nov-18,18.9,18.775,19.125,19.225,19.275,19.125,19.125,19.175,19.325
26-Nov-18,21.52,18.925,19.375,19.5,19.475,19.275,19.275,19.325,19.4
23-Nov-18,20.8,20.475,20.525,20.425,20.275,20.025,19.975,20,20
21-Nov-18,22.48,22.07,20.125,20.375,20.325,20.175,19.925,19.875,19.825
20-Nov-18,20.1,22.175,20.425,20.525,20.425,20.275,19.975,19.9,19.85
19-Nov-18,18.14,19.925,19.375,19.625,19.575,19.475,19.275,19.225,19.225
16-Nov-18,19.98,18.275,18.325,18.725,18.825,18.825,18.675,18.625,18.75
15-Nov-18,21.25,19.375,19.125,19.475,19.475,19.375,19.125,19.075,19.125
14-Nov-18,20.02,20.175,19.425,19.675,19.575,19.475,19.225,19.15,19.2
13-Nov-18,20.45,19.425,18.925,19.175,19.125,19.025,18.875,18.825,18.925
12-Nov-18,17.36,19.575,18.725,18.925,18.875,18.875,18.725,18.675,18.8
9-Nov-18,16.72,17.475,17.675,18.075,18.175,18.225,18.125,18.175,18.325
8-Nov-18,16.36,16.975,17.175,17.625,17.775,17.875,17.85,17.925,18.075
7-Nov-18,19.91,16.825,17.125,17.675,17.775,17.875,17.8,17.875,18.075
6-Nov-18,19.96,18.625,18.225,18.425,18.475,18.525,18.425,18.425,18.5
5-Nov-18,19.51,19.425,18.825,19.025,18.975,18.975,18.875,18.875,18.925
2-Nov-18,19.34,19.575,19.075,19.275,19.225,19.225,19.1,19.05,19.075
1-Nov-18,21.23,19.275,19.025,19.275,19.225,19.175,19.075,19.025,19.05
31-Oct-18,23.35,20.275,19.775,19.925,19.775,19.675,19.475,19.425,19.4
30-Oct-18,24.7,20.925,20.225,20.325,20.075,19.925,19.7,19.625,19.6
29-Oct-18,24.16,21.525,20.575,20.475,20.225,20.075,19.825,19.775,19.7
26-Oct-18,24.22,21.075,20.075,20.025,19.775,19.675,19.475,19.475,19.45
25-Oct-18,25.23,20.925,19.825,19.775,19.575,19.525,19.375,19.325,19.325
24-Oct-18,20.71,20.625,19.625,19.575,19.375,19.325,19.125,19.125,19.175
23-Oct-18,19.64,18.825,18.425,18.575,18.475,18.525,18.425,18.475,18.525
22-Oct-18,19.89,18.625,18.225,18.475,18.425,18.475,18.375,18.425,18.5
19-Oct-18,20.06,18.425,18.175,18.425,18.325,18.425,18.325,18.425,18.525
18-Oct-18,17.4,18.425,18.075,18.275,18.225,18.325,18.275,18.375,18.55
17-Oct-18,17.62,17.23,17.125,17.175,17.575,17.675,17.875,17.975,18.125
16-Oct-18,21.3,17.675,17.275,17.175,17.625,17.725,17.925,18,18.125
15-Oct-18,21.31,20.125,18.525,18.025,18.275,18.325,18.525,18.575,18.675
12-Oct-18,24.98,19.925,18.125,17.575,17.775,17.825,18.025,18.075,18.25
11-Oct-18,22.96,21.175,18.525,17.925,18.125,18.175,18.325,18.375,18.525
10-Oct-18,15.95,20.125,18.525,17.775,17.925,18.025,18.225,18.325,18.55
9-Oct-18,15.69,15.975,15.925,15.925,16.375,16.525,16.825,16.975,17.175
8-Oct-18,14.82,15.675,15.725,15.825,16.275,16.525,16.775,16.925,17.175
5-Oct-18,14.22,15.225,15.475,15.575,16.075,16.325,16.625,16.775,17
4-Oct-18,11.61,14.875,15.225,15.425,15.925,16.175,16.475,16.625,16.875
3-Oct-18,12.05,13.775,14.725,15.075,15.65,15.95,16.275,16.425,16.7
2-Oct-18,12,13.975,14.925,15.225,15.775,16.025,16.375,16.525,16.775
1-Oct-18,12.12,13.925,14.875,15.125,15.675,15.925,16.275,16.425,16.7
28-Sep-18,12.41,13.975,14.975,15.225,15.725,15.925,16.275,16.425,16.7
27-Sep-18,12.89,14.125,15.025,15.3,15.775,16.025,16.375,16.525,16.8
26-Sep-18,12.42,14.425,15.275,15.475,15.925,16.175,16.475,16.625,16.875
25-Sep-18,12.2,14.075,14.975,15.225,15.725,15.975,16.275,16.475,16.725
24-Sep-18,11.68,14.025,14.925,15.175,15.625,15.875,16.275,16.425,16.7
21-Sep-18,11.8,14.125,15.075,15.325,15.825,16.075,16.425,16.575,16.825
20-Sep-18,11.75,14.025,14.925,15.175,15.675,15.925,16.275,16.425,16.675
19-Sep-18,12.79,11.94,14.275,15.125,15.275,15.825,16.025,16.375,16.525
18-Sep-18,13.68,12.725,14.675,15.175,15.375,15.875,16.125,16.475,16.625
17-Sep-18,12.07,13.575,14.975,15.275,15.375,15.875,16.125,16.475,16.625
14-Sep-18,12.37,12.875,14.375,14.875,15.075,15.6,15.875,16.275,16.45
13-Sep-18,13.14,13.375,14.625,15.075,15.225,15.775,16.025,16.375,16.575
12-Sep-18,13.22,14.025,15.025,15.375,15.525,16.075,16.325,16.625,16.775
11-Sep-18,14.16,14.225,15.125,15.525,15.675,16.225,16.425,16.675,16.825
10-Sep-18,14.88,14.775,15.675,15.975,16.075,16.575,16.775,17.025,17.15
7-Sep-18,14.65,15.375,16.225,16.425,16.475,16.875,17.025,17.25,17.35
6-Sep-18,13.91,15.175,16.025,16.275,16.375,16.775,16.925,17.125,17.225
5-Sep-18,13.16,14.575,15.525,15.875,16.025,16.475,16.625,16.875,17
4-Sep-18,12.86,14.225,15.225,15.625,15.775,16.275,16.425,16.675,16.825
31-Aug-18,13.53,14.025,15.175,15.575,15.775,16.225,16.425,16.675,16.85
30-Aug-18,12.25,14.525,15.675,15.975,16.075,16.525,16.675,16.925,17.075
29-Aug-18,12.5,13.925,15.225,15.625,15.775,16.225,16.375,16.7,16.85
28-Aug-18,12.16,14.075,15.275,15.625,15.775,16.225,16.375,16.675,16.825
27-Aug-18,11.99,14.125,15.225,15.525,15.675,16.125,16.275,16.625,16.725
24-Aug-18,12.41,14.125,15.175,15.475,15.625,16.125,16.275,16.625,16.775
23-Aug-18,12.25,14.225,15.175,15.525,15.675,16.15,16.275,16.675,16.8
22-Aug-18,12.86,12.61,14.175,15.075,15.425,15.575,16.075,16.225,16.575
21-Aug-18,12.49,12.875,14.625,15.175,15.475,15.65,16.125,16.325,16.7
20-Aug-18,12.64,12.775,14.175,14.875,15.225,15.425,15.925,16.125,16.5
17-Aug-18,13.45,13.075,14.325,15.025,15.375,15.575,16.075,16.225,16.6
16-Aug-18,14.64,13.725,14.775,15.375,15.625,15.775,16.275,16.425,16.8
15-Aug-18,13.31,14.875,15.225,15.675,15.875,15.975,16.475,16.575,16.925
14-Aug-18,14.78,13.725,14.725,15.375,15.625,15.775,16.275,16.425,16.8
13-Aug-18,13.16,14.875,15.475,15.975,16.075,16.175,16.625,16.775,17.125
10-Aug-18,11.27,13.775,14.775,15.475,15.675,15.775,16.25,16.425,16.75
9-Aug-18,10.85,12.675,14.125,14.975,15.275,15.45,15.975,16.175,16.525
8-Aug-18,10.93,12.575,13.975,14.875,15.225,15.375,15.875,16.075,16.475
7-Aug-18,11.27,12.725,14.025,14.875,15.225,15.375,15.875,16.075,16.475
6-Aug-18,11.64,13.025,14.375,15.225,15.525,15.625,16.125,16.325,16.725
3-Aug-18,12.19,13.525,14.8,15.575,15.825,15.85,16.325,16.525,16.9
2-Aug-18,13.15,13.925,14.975,15.675,15.875,15.925,16.475,16.675,17
1-Aug-18,12.83,14.275,15.125,15.825,15.975,16.025,16.525,16.725,17.05
31-Jul-18,14.26,14.075,15.025,15.725,15.925,15.95,16.475,16.675,17.025
30-Jul-18,13.03,14.875,15.625,16.175,16.325,16.325,16.825,16.975,17.25
27-Jul-18,12.14,14.325,15.175,15.875,16.075,16.075,16.625,16.75,17.05
26-Jul-18,12.29,13.85,14.925,15.65,15.925,15.925,16.475,16.65,16.975
25-Jul-18,12.41,13.825,14.875,15.625,15.875,15.9,16.425,16.625,17
24-Jul-18,12.62,14.075,14.975,15.675,15.925,15.95,16.5,16.725,17.05
23-Jul-18,12.86,14.075,15.025,15.675,15.975,15.975,16.575,16.775,17.15
20-Jul-18,12.87,14.275,15.175,15.825,16.05,16.125,16.675,16.875,17.2
19-Jul-18,12.1,14.175,15.025,15.725,15.925,15.975,16.525,16.775,17.075
18-Jul-18,12.06,12.38,13.925,14.875,15.575,15.875,15.925,16.475,16.725
17-Jul-18,12.83,12.125,13.975,14.775,15.525,15.775,15.825,16.425,16.625
16-Jul-18,12.18,12.975,14.275,14.875,15.525,15.725,15.775,16.35,16.55
13-Jul-18,12.58,12.975,14.225,14.875,15.475,15.675,15.725,16.275,16.475
12-Jul-18,13.63,13.325,14.475,14.975,15.625,15.775,15.8,16.35,16.575
11-Jul-18,12.64,14.175,14.875,15.375,15.925,16.075,16.1,16.675,16.85
10-Jul-18,12.69,13.425,14.425,14.975,15.625,15.775,15.825,16.4,16.625
9-Jul-18,13.37,13.775,14.625,15.225,15.825,15.975,15.975,16.525,16.75
6-Jul-18,14.97,14.575,15.525,16.075,16.575,16.675,16.675,17.175,17.325
5-Jul-18,16.14,15.475,16.075,16.475,16.975,17.025,17.025,17.525,17.625
3-Jul-18,15.6,16.375,16.725,16.975,17.325,17.325,17.3,17.8,17.9
2-Jul-18,16.09,16.025,16.325,16.675,17.075,17.125,17.075,17.575,17.7
29-Jun-18,16.85,16.025,16.375,16.725,17.075,17.075,17.025,17.525,17.65
28-Jun-18,17.91,16.525,16.575,16.825,17.175,17.1,17.025,17.575,17.675
27-Jun-18,15.92,16.925,16.875,17.075,17.375,17.325,17.275,17.825,17.975
26-Jun-18,17.33,15.875,16.125,16.45,16.825,16.825,16.825,17.425,17.6
25-Jun-18,13.77,16.325,16.275,16.475,16.825,16.825,16.825,17.4,17.6
22-Jun-18,14.64,14.425,15.075,15.525,16.025,16.2,16.325,16.925,17.15
21-Jun-18,12.79,14.875,15.275,15.7,16.175,16.325,16.425,17.025,17.2
20-Jun-18,13.35,12.27,13.925,14.625,15.225,15.775,15.975,16.125,16.725
19-Jun-18,12.31,13.575,14.225,14.775,15.275,15.825,16.025,16.175,16.8
18-Jun-18,11.98,12.675,13.675,14.225,14.825,15.475,15.725,15.875,16.5
15-Jun-18,12.12,12.575,13.725,14.35,14.975,15.625,15.85,15.975,16.575
14-Jun-18,12.94,12.675,13.675,14.425,15.1,15.675,15.875,15.975,16.55
13-Jun-18,12.34,13.225,14.175,14.825,15.425,15.975,16.075,16.175,16.75
12-Jun-18,12.35,12.775,13.925,14.625,15.275,15.825,15.925,15.975,16.6
11-Jun-18,12.18,12.875,13.975,14.675,15.225,15.8,15.925,15.975,16.575
8-Jun-18,12.13,13.325,14.225,14.775,15.325,15.825,15.975,16.025,16.625
7-Jun-18,11.64,13.175,14.175,14.75,15.275,15.825,15.95,16.025,16.6
6-Jun-18,12.4,13.075,14.075,14.625,15.175,15.725,15.875,15.925,16.525
5-Jun-18,12.74,13.625,14.525,14.975,15.475,16,16.125,16.175,16.75
4-Jun-18,13.46,13.925,14.675,15.125,15.625,16.175,16.325,16.4,16.925
1-Jun-18,15.43,14.425,15.175,15.575,16.025,16.575,16.675,16.675,17.2
31-May-18,14.94,15.425,15.875,16.225,16.575,17.025,17.075,17.075,17.55
30-May-18,17.02,15.175,15.675,16.025,16.425,16.875,16.925,16.95,17.45
29-May-18,13.22,15.925,16.125,16.125,16.375,16.725,16.8,16.825,17.35
25-May-18,12.53,14.125,14.825,15.275,15.825,16.375,16.525,16.625,17.15
24-May-18,12.58,13.825,14.6,15.125,15.675,16.275,16.425,16.525,17.05
23-May-18,13.22,13.875,14.725,15.175,15.725,16.275,16.425,16.475,17.05
22-May-18,13.08,14.225,14.975,15.425,15.925,16.475,16.625,16.675,17.25
21-May-18,13.42,14.075,14.775,15.275,15.725,16.275,16.425,16.475,17.075
18-May-18,13.43,14.525,15.325,15.725,16.175,16.7,16.825,16.825,17.4
17-May-18,13.42,14.375,15.075,15.575,16.025,16.525,16.675,16.725,17.3
16-May-18,14.63,13.79,14.675,15.325,15.775,16.175,16.675,16.775,16.825
15-May-18,12.93,14.875,15.325,15.775,16.075,16.475,16.975,17.075,17.125
14-May-18,12.65,13.375,14.475,14.975,15.375,15.875,16.425,16.575,16.65
11-May-18,13.23,13.675,14.7,15.25,15.675,16.125,16.675,16.775,16.85
10-May-18,13.42,14.175,15.075,15.625,16.025,16.425,16.875,16.975,17.05
9-May-18,14.71,14.825,15.625,16.175,16.525,16.875,17.325,17.375,17.425
8-May-18,14.75,15.775,16.225,16.675,16.875,17.225,17.675,17.675,17.65
7-May-18,14.77,15.725,16.325,16.775,16.975,17.275,17.725,17.7,17.7
4-May-18,15.9,15.875,16.375,16.775,16.925,17.275,17.675,17.65,17.65
3-May-18,15.97,16.525,16.525,16.925,17.1,17.425,17.875,17.825,17.8
2-May-18,15.49,16.625,16.775,17.125,17.275,17.6,18.025,17.975,17.95
1-May-18,15.93,16.275,16.475,16.875,17.025,17.375,17.8,17.75,17.7
30-Apr-18,15.41,16.625,16.925,17.275,17.425,17.725,18.125,18.075,18.05
27-Apr-18,16.24,16.425,16.825,17.225,17.375,17.675,18.075,18.025,18
26-Apr-18,17.84,16.875,17.025,17.325,17.425,17.725,18.125,18.025,17.95
25-Apr-18,18.02,17.725,17.675,17.825,17.875,18.125,18.55,18.475,18.375
24-Apr-18,16.34,17.675,17.475,17.625,17.625,17.875,18.275,18.2,18.175
23-Apr-18,16.88,16.825,17.025,17.325,17.475,17.775,18.225,18.225,18.15
20-Apr-18,15.96,17.025,17.075,17.425,17.575,17.875,18.275,18.225,18.2
19-Apr-18,15.6,16.575,16.825,17.225,17.375,17.725,18.175,18.125,18.075
18-Apr-18,15.25,17.26,16.425,16.675,17.125,17.325,17.7,18.125,18.125
17-Apr-18,16.56,15.325,16.375,16.875,17.375,17.625,17.975,18.375,18.325
16-Apr-18,17.41,16.825,17.275,17.575,17.975,18.075,18.375,18.75,18.675
13-Apr-18,18.49,17.925,18.125,18.275,18.525,18.525,18.725,19.075,18.95
12-Apr-18,20.24,18.825,18.725,18.675,18.925,18.825,19.025,19.325,19.2
11-Apr-18,20.47,20.075,19.475,19.275,19.475,19.375,19.575,19.825,19.625
10-Apr-18,21.77,20.175,19.425,19.075,19.275,19.125,19.325,19.625,19.425
9-Apr-18,21.49,20.825,19.825,19.375,19.525,19.35,19.525,19.775,19.525
6-Apr-18,18.94,20.625,19.525,19.225,19.425,19.275,19.425,19.675,19.425
5-Apr-18,20.06,19.075,18.675,18.525,18.775,18.675,18.875,19.175,18.975
4-Apr-18,21.1,19.975,19.225,18.875,19.025,18.925,19.075,19.325,19.125
3-Apr-18,23.62,20.475,19.675,19.175,19.325,19.125,19.275,19.45,19.25
2-Apr-18,19.97,21.425,20.025,19.375,19.525,19.375,19.425,19.625,19.45
29-Mar-18,22.87,19.775,19.225,18.825,19,18.875,19.025,19.3,19.1
28-Mar-18,22.5,21.025,19.875,19.375,19.525,19.4,19.525,19.775,19.575
27-Mar-18,21.03,20.425,19.525,19.025,19.175,19.025,19.175,19.35,19.15
26-Mar-18,24.87,19.325,18.625,18.275,18.425,18.325,18.475,18.7,18.55
23-Mar-18,23.34,20.425,19.325,18.775,18.875,18.7,18.85,19.075,18.875
22-Mar-18,17.86,19.375,18.425,18.025,18.175,18.125,18.325,18.575,18.475
21-Mar-18,18.2,17.76,17.325,17.325,17.375,17.65,17.675,17.925,18.175
20-Mar-18,19.02,18.375,17.375,17.475,17.475,17.725,17.675,17.975,18.275
19-Mar-18,15.8,18.175,17.475,17.475,17.375,17.575,17.525,17.825,18.15
16-Mar-18,16.59,16.275,16.475,16.825,16.975,17.275,17.275,17.625,17.925
15-Mar-18,17.23,16.775,16.725,17.125,17.275,17.525,17.5,17.775,18.05
14-Mar-18,16.35,17.375,17.275,17.525,17.525,17.775,17.775,18.025,18.275
13-Mar-18,15.78,16.775,16.925,17.225,17.275,17.525,17.525,17.8,18.075
12-Mar-18,14.64,16.175,16.575,16.975,17.075,17.325,17.325,17.575,17.825
9-Mar-18,16.54,15.775,16.225,16.675,16.825,17.125,17.125,17.375,17.6
8-Mar-18,17.76,17.225,17.275,17.525,17.575,17.825,17.75,17.95,18.125
7-Mar-18,18.36,17.875,17.775,17.825,17.8,17.975,17.875,18.1,18.275
6-Mar-18,18.73,18.325,17.975,17.975,17.825,17.975,17.825,18.025,18.2
5-Mar-18,19.59,18.275,17.825,17.75,17.6,17.75,17.6,17.8,17.95
2-Mar-18,22.47,19.025,18.275,18.125,17.925,18.125,17.975,18.175,18.275
1-Mar-18,19.85,19.975,18.675,18.375,18.125,18.275,18.125,18.225,18.3
28-Feb-18,18.59,18.575,17.875,17.675,17.475,17.6,17.5,17.7,17.825
27-Feb-18,15.8,17.525,17.175,17.125,16.975,17.175,17.075,17.325,17.55
26-Feb-18,16.49,16.175,16.175,16.35,16.375,16.6,16.575,16.825,17.05
23-Feb-18,18.72,16.775,16.9,16.925,16.825,16.975,16.875,17.125,17.325
22-Feb-18,20.02,18.075,17.625,17.575,17.4,17.55,17.425,17.575,17.675
21-Feb-18,20.6,18.575,18.075,17.975,17.775,17.925,17.75,17.875,17.925
20-Feb-18,19.46,18.375,17.825,17.725,17.475,17.625,17.525,17.675,17.775
16-Feb-18,19.13,17.775,17.375,17.375,17.225,17.425,17.375,17.575,17.65
15-Feb-18,19.26,17.525,17.325,17.325,17.175,17.375,17.375,17.55,17.675
14-Feb-18,24.97,21.87,17.875,17.775,17.825,17.625,17.825,17.725,17.925
13-Feb-18,25.61,25.225,19.825,18.975,18.6,18.175,18.275,18.125,18.325
12-Feb-18,29.06,25.825,19.825,18.9,18.475,18.025,18.075,17.925,18.15
9-Feb-18,33.46,27.175,20.425,19.025,18.525,17.775,17.825,17.7,18.025
8-Feb-18,27.73,28.1,21.65,20.475,19.85,19.1,19.05,18.75,18.875
7-Feb-18,29.98,23.425,19.875,19.35,18.725,18.05,18.025,18.175,18.05
6-Feb-18,37.32,23.875,21.025,20,19.225,18.85,18.75,18.15,18.9
5-Feb-18,17.31,33.225,27.975,24.725,20.95,19.375,19.425,20.425,18.925
2-Feb-18,13.47,15.625,14.975,15.075,15.275,15.425,15.825,15.925,16.225
1-Feb-18,13.54,13.275,13.425,13.925,14.375,14.725,15.225,15.375,15.775
31-Jan-18,14.79,13.475,13.675,14.175,14.575,14.875,15.325,15.475,15.875
30-Jan-18,13.84,13.975,14.075,14.475,14.875,15.125,15.575,15.725,16.125
29-Jan-18,11.08,13.525,13.825,14.275,14.675,14.925,15.425,15.575,16
26-Jan-18,11.58,12.325,13.075,13.725,14.225,14.575,15.075,15.275,15.7
25-Jan-18,11.47,12.425,13.025,13.725,14.275,14.675,15.175,15.325,15.775
24-Jan-18,11.1,12.225,12.925,13.575,14.125,14.525,15.075,15.275,15.75
23-Jan-18,11.03,11.975,12.725,13.375,13.875,14.325,14.875,15.175,15.7
22-Jan-18,11.27,11.825,12.475,13.125,13.625,14.075,14.675,15.025,15.525
19-Jan-18,12.22,11.925,12.525,13.175,13.725,14.225,14.825,15.125,15.65
18-Jan-18,11.91,12.075,12.775,13.325,13.825,14.275,14.875,15.175,15.65
17-Jan-18,11.66,11.95,12.125,12.575,13.175,13.725,14.225,14.825,15.175
16-Jan-18,10.16,11.775,12.075,12.725,13.325,13.825,14.325,14.925,15.325
12-Jan-18,9.88,10.575,11.675,12.375,12.975,13.475,13.925,14.525,14.9
11-Jan-18,9.82,10.475,11.575,12.325,12.975,13.475,13.975,14.525,14.95
10-Jan-18,10.08,10.575,11.575,12.375,13.075,13.575,14.075,14.675,15.075
9-Jan-18,9.52,10.675,11.775,12.525,13.225,13.725,14.225,14.775,15.175
8-Jan-18,9.22,10.475,11.675,12.475,13.225,13.775,14.225,14.825,15.2
5-Jan-18,9.22,10.475,11.725,12.575,13.275,13.825,14.25,14.825,15.225
4-Jan-18,9.15,10.575,11.825,12.675,13.375,13.925,14.375,14.975,15.375
3-Jan-18,9.77,10.675,11.825,12.625,13.325,13.825,14.325,14.925,15.35
2-Jan-18,11.04,10.875,11.975,12.825,13.525,14.025,14.525,15.125,15.575
29-Dec-17,10.18,11.475,12.475,13.225,13.875,14.375,14.825,15.425,15.8
28-Dec-17,10.47,11.225,12.275,13.075,13.725,14.275,14.775,15.425,15.85
27-Dec-17,10.25,11.325,12.325,13.075,13.725,14.275,14.775,15.425,15.825
26-Dec-17,9.9,11.325,12.325,13.1,13.775,14.325,14.875,15.575,15.95
22-Dec-17,9.62,11.425,12.325,13.175,13.825,14.425,15,15.675,16.075
21-Dec-17,9.72,11.225,12.225,13.125,13.825,14.475,15.025,15.725,16.1
20-Dec-17,10.03,9.6,11.425,12.325,13.275,14.025,14.625,15.175,15.875
19-Dec-17,9.53,10.075,11.325,12.225,13.275,13.975,14.625,15.125,15.825
18-Dec-17,9.42,9.875,11.325,12.25,13.325,14.075,14.625,15.125,15.8
15-Dec-17,10.49,9.925,11.475,12.475,13.575,14.325,14.925,15.375,16
14-Dec-17,10.18,10.375,11.875,12.875,13.925,14.575,15.175,15.625,16.225
13-Dec-17,9.92,10.525,11.975,12.925,13.925,14.625,15.175,15.625,16.25
12-Dec-17,9.34,10.375,11.975,13.025,14.075,14.775,15.275,15.725,16.3
11-Dec-17,9.58,10.325,11.975,13.025,14.075,14.725,15.225,15.675,16.25
8-Dec-17,10.16,10.875,12.325,13.325,14.275,14.825,15.35,15.775,16.35
7-Dec-17,11.02,11.175,12.675,13.575,14.375,14.925,15.425,15.825,16.425
6-Dec-17,11.33,11.725,13.075,13.925,14.675,15.225,15.725,16.075,16.625
5-Dec-17,11.68,11.875,13.175,13.975,14.725,15.275,15.775,16.125,16.7
4-Dec-17,11.43,11.925,13.225,14.075,14.825,15.425,15.875,16.225,16.775
1-Dec-17,11.28,11.875,13.275,14.125,14.875,15.475,15.925,16.325,16.85
30-Nov-17,10.7,11.675,13.025,13.925,14.675,15.275,15.825,16.175,16.725
29-Nov-17,10.03,11.475,12.925,13.925,14.725,15.325,15.825,16.225,16.775
28-Nov-17,9.87,11.275,12.725,13.675,14.475,15.125,15.625,16.025,16.625
27-Nov-17,9.67,11.325,12.875,13.775,14.575,15.225,15.725,16.125,16.75
24-Nov-17,9.88,11.425,12.825,13.75,14.525,15.125,15.625,16.025,16.625
22-Nov-17,9.73,11.475,12.875,13.825,14.575,15.175,15.675,16.125,16.7
21-Nov-17,10.65,11.625,12.975,13.875,14.675,15.275,15.825,16.225,16.775
20-Nov-17,11.43,12.075,13.425,14.225,14.975,15.575,16.075,16.475,17
17-Nov-17,11.76,12.625,13.875,14.7,15.325,15.925,16.375,16.775,17.3
16-Nov-17,13.13,12.675,13.975,14.775,15.425,15.975,16.475,16.875,17.35
15-Nov-17,11.59,13.05,13.175,14.325,15.075,15.725,16.275,16.775,17.125
14-Nov-17,11.5,12.05,12.675,14,14.825,15.475,16.075,16.525,16.925
13-Nov-17,11.29,11.625,12.775,13.925,14.725,15.375,15.925,16.375,16.725
10-Nov-17,10.5,11.6,12.575,13.825,14.575,15.225,15.725,16.175,16.575
9-Nov-17,9.78,11.125,12.325,13.525,14.275,14.975,15.525,15.975,16.375
8-Nov-17,9.89,10.875,12.275,13.475,14.2,14.875,15.475,15.925,16.35
7-Nov-17,9.4,10.875,12.275,13.475,14.15,14.825,15.375,15.875,16.3
6-Nov-17,9.14,10.725,12.175,13.375,14.025,14.675,15.275,15.725,16.175
3-Nov-17,9.93,10.975,12.325,13.475,14.125,14.725,15.275,15.725,16.175
2-Nov-17,10.2,11.125,12.275,13.425,14.025,14.675,15.225,15.675,16.1
1-Nov-17,10.18,11.375,12.275,13.325,13.925,14.575,15.125,15.625,16.025
31-Oct-17,10.5,11.275,12.175,13.225,13.825,14.475,15.075,15.525,15.975
30-Oct-17,9.8,11.575,12.325,13.375,13.975,14.575,15.175,15.625,16.075
27-Oct-17,11.3,11.425,12.225,13.325,13.925,14.575,15.175,15.625,16.1
26-Oct-17,11.23,12.075,12.675,13.725,14.325,14.975,15.525,15.95,16.4
25-Oct-17,11.16,12.025,12.575,13.675,14.275,14.925,15.475,15.925,16.325
24-Oct-17,11.07,11.925,12.525,13.575,14.225,14.875,15.475,15.925,16.3
23-Oct-17,9.97,11.775,12.525,13.625,14.275,14.875,15.425,15.875,16.25
20-Oct-17,10.05,11.325,12.125,13.275,14,14.625,15.225,15.675,16.075
19-Oct-17,10.07,11.475,12.225,13.375,14.075,14.725,15.325,15.825,16.175
18-Oct-17,10.31,10.3,11.575,12.325,13.525,14.225,14.875,15.475,15.925
17-Oct-17,9.91,10.375,11.725,12.375,13.625,14.225,14.825,15.425,15.85
16-Oct-17,9.61,10.275,11.675,12.375,13.625,14.225,14.875,15.425,15.9
13-Oct-17,9.91,10.275,11.875,12.575,13.875,14.425,15.025,15.575,16.05
12-Oct-17,9.85,10.575,12.075,12.775,14.075,14.625,15.275,15.775,16.225
11-Oct-17,10.08,10.775,12.175,12.875,14.075,14.625,15.275,15.775,16.175
10-Oct-17,10.33,10.925,12.325,13.025,14.275,14.725,15.325,15.825,16.225
9-Oct-17,9.65,11.125,12.625,13.225,14.425,14.875,15.475,15.95,16.35
6-Oct-17,9.19,10.825,12.525,13.125,14.325,14.725,15.325,15.825,16.225
5-Oct-17,9.63,10.825,12.475,13.025,14.225,14.675,15.275,15.775,16.2
4-Oct-17,9.51,11.325,12.775,13.275,14.475,14.875,15.475,15.975,16.35
3-Oct-17,9.45,11.375,12.775,13.275,14.475,14.875,15.475,15.975,16.35
2-Oct-17,9.51,11.375,12.675,13.275,14.525,14.925,15.525,16.025,16.4
29-Sep-17,9.55,11.675,13.025,13.575,14.775,15.225,15.8,16.275,16.625
28-Sep-17,9.87,11.925,13.125,13.675,14.875,15.325,15.875,16.375,16.725
27-Sep-17,10.17,12.175,13.275,13.775,14.975,15.375,15.925,16.425,16.75
26-Sep-17,10.21,12.275,13.275,13.775,14.975,15.375,15.925,16.425,16.725
25-Sep-17,9.59,12.375,13.375,13.925,15.125,15.475,16.025,16.475,16.8
22-Sep-17,9.67,12.425,13.425,13.975,15.175,15.575,16.075,16.525,16.825
21-Sep-17,9.78,12.325,13.275,13.825,15.025,15.375,15.925,16.375,16.725
20-Sep-17,10.18,10.45,12.275,13.175,13.775,14.975,15.325,15.825,16.275
19-Sep-17,10.15,10.825,12.425,13.275,13.925,15.125,15.475,15.975,16.4
18-Sep-17,10.17,10.675,12.425,13.225,13.775,14.975,15.325,15.825,16.275
15-Sep-17,10.44,11.125,12.925,13.65,14.175,15.325,15.65,16.125,16.55
14-Sep-17,10.5,11.475,13.025,13.775,14.275,15.375,15.725,16.175,16.575
13-Sep-17,10.58,11.525,12.925,13.725,14.225,15.325,15.625,16.075,16.525
12-Sep-17,10.73,11.875,13.375,14.125,14.525,15.575,15.825,16.275,16.675
11-Sep-17,12.12,12.075,13.675,14.375,14.775,15.825,16.025,16.475,16.825
8-Sep-17,11.55,13.275,14.325,14.875,15.075,16.125,16.325,16.725,17.075
7-Sep-17,11.63,12.825,14.075,14.675,14.925,15.975,16.175,16.625,16.95
6-Sep-17,12.23,13.175,14.175,14.725,14.925,15.925,16.225,16.625,16.975
5-Sep-17,10.13,13.175,14.025,14.475,14.575,15.625,15.925,16.325,16.725
1-Sep-17,10.59,12.625,13.775,14.25,14.425,15.525,15.825,16.325,16.725
31-Aug-17,11.22,12.625,13.725,14.175,14.425,15.525,15.825,16.325,16.7
30-Aug-17,11.7,13.175,14.075,14.475,14.625,15.725,16.025,16.475,16.85
29-Aug-17,11.32,13.175,14.025,14.425,14.575,15.675,15.975,16.425,16.8
28-Aug-17,11.28,13.025,13.925,14.325,14.525,15.575,15.875,16.325,16.7
25-Aug-17,12.23,13.075,14.025,14.425,14.6,15.65,15.95,16.4,16.75
24-Aug-17,12.25,13.425,14.125,14.525,14.675,15.725,15.975,16.425,16.8
23-Aug-17,11.35,13.625,14.225,14.625,14.775,15.775,16.025,16.425,16.75
22-Aug-17,13.19,12.975,13.675,14.225,14.375,15.425,15.675,16.175,16.575
21-Aug-17,14.26,14.125,14.625,14.975,14.975,15.975,16.225,16.675,17.05
18-Aug-17,15.55,14.975,15.125,15.375,15.325,16.275,16.525,16.925,17.25
17-Aug-17,11.74,14.925,15.025,15.225,15.175,16.125,16.375,16.825,17.2
16-Aug-17,12.04,12.16,13.075,13.775,14.225,14.425,15.525,15.825,16.275
15-Aug-17,12.33,12.325,13.175,13.975,14.425,14.625,15.675,15.925,16.375
14-Aug-17,15.51,12.45,13.175,13.825,14.325,14.525,15.575,15.825,16.35
11-Aug-17,16.04,15.425,15.275,15.525,15.725,15.725,16.725,16.925,17.325
10-Aug-17,11.11,15.525,15.175,15.225,15.425,15.475,16.5,16.675,17.125
9-Aug-17,10.96,11.725,13.075,13.775,14.325,14.525,15.575,15.875,16.375
8-Aug-17,9.93,11.525,12.925,13.675,14.175,14.375,15.475,15.775,16.275
7-Aug-17,10.03,11.125,12.575,13.375,13.875,14.075,15.175,15.525,16.075
4-Aug-17,10.44,11.275,12.775,13.525,13.975,14.175,15.25,15.6,16.125
3-Aug-17,10.28,11.325,12.725,13.475,13.875,14.025,15.125,15.425,15.975
2-Aug-17,10.09,11.275,12.625,13.275,13.725,13.875,14.975,15.325,15.9
1-Aug-17,10.26,11.225,12.425,13.075,13.525,13.725,14.825,15.175,15.825
31-Jul-17,10.29,11.275,12.475,13.175,13.675,13.875,15.025,15.375,16.075
28-Jul-17,10.11,11.375,12.625,13.375,13.825,14.025,15.125,15.425,16.025
27-Jul-17,9.6,11.425,12.625,13.325,13.825,14.025,15.1,15.425,16.05
26-Jul-17,9.43,11.275,12.625,13.425,13.925,14.125,15.225,15.575,16.175
25-Jul-17,9.43,11.175,12.575,13.375,13.925,14.175,15.325,15.675,16.275
24-Jul-17,9.36,11.325,12.525,13.3,13.875,14.2,15.325,15.725,16.35
21-Jul-17,9.58,11.375,12.675,13.475,14.025,14.375,15.5,15.925,16.55
20-Jul-17,9.79,11.475,12.725,13.475,14.075,14.425,15.575,16.025,16.625
19-Jul-17,9.89,9.85,11.525,12.725,13.525,14.125,14.475,15.625,16.075
18-Jul-17,9.82,10.125,11.775,12.925,13.725,14.225,14.475,15.625,16.075
17-Jul-17,9.51,10.275,11.925,12.925,13.675,14.175,14.425,15.525,16.05
14-Jul-17,9.9,10.575,12.025,12.975,13.7,14.225,14.425,15.55,16.025
13-Jul-17,10.3,11.075,12.375,13.325,14.025,14.575,14.775,15.875,16.325
12-Jul-17,10.89,11.525,12.425,13.4,14.125,14.625,14.825,15.925,16.4
11-Jul-17,11.11,12.125,12.675,13.575,14.325,14.825,15.025,16.125,16.575
10-Jul-17,11.19,12.225,12.825,13.775,14.475,14.975,15.175,16.275,16.675
7-Jul-17,12.54,12.575,13.075,14.075,14.775,15.275,15.475,16.525,16.925
6-Jul-17,11.07,13.025,13.425,14.275,14.875,15.325,15.475,16.575,16.95
5-Jul-17,11.22,12.325,12.925,13.875,14.575,15.075,15.275,16.325,16.775
3-Jul-17,11.18,12.575,12.975,13.925,14.575,15.075,15.325,16.4,16.85
30-Jun-17,11.44,12.325,12.675,13.675,14.425,14.925,15.175,16.225,16.7
29-Jun-17,10.03,12.025,12.625,13.625,14.375,14.875,15.125,16.225,16.675
28-Jun-17,11.06,11.675,12.475,13.525,14.275,14.825,15.125,16.175,16.65
27-Jun-17,9.9,12.025,12.675,13.65,14.375,14.875,15.175,16.225,16.675
26-Jun-17,10.02,11.625,12.375,13.425,14.225,14.825,15.175,16.275,16.675
23-Jun-17,10.48,11.875,12.625,13.675,14.5,15.1,15.425,16.525,16.875
22-Jun-17,10.75,11.975,12.725,13.775,14.575,15.175,15.475,16.575,16.95
21-Jun-17,10.86,11.15,12.175,12.825,13.825,14.575,15.175,15.525,16.575
20-Jun-17,10.37,11.125,12.075,12.725,13.875,14.675,15.225,15.525,16.525
19-Jun-17,10.38,10.875,12.125,12.725,13.95,14.775,15.325,15.625,16.65
16-Jun-17,10.9,11.325,12.325,12.975,14.175,14.925,15.425,15.725,16.775
15-Jun-17,10.64,11.525,12.425,13.125,14.375,15.125,15.575,15.875,16.925
14-Jun-17,10.42,11.475,12.275,13.025,14.225,15.025,15.525,15.825,16.875
13-Jun-17,11.46,11.425,12.275,13.125,14.325,15.125,15.575,15.875,16.875
12-Jun-17,10.7,11.875,12.675,13.425,14.525,15.275,15.775,16.025,17.025
9-Jun-17,10.16,11.725,12.575,13.325,14.5,15.225,15.75,16.025,17.025
8-Jun-17,10.39,11.625,12.525,13.325,14.525,15.275,15.775,16.025,17.025
7-Jun-17,10.45,11.875,12.725,13.525,14.725,15.475,15.925,16.175,17.175
6-Jun-17,10.07,11.975,12.825,13.625,14.775,15.475,15.925,16.175,17.175
5-Jun-17,9.75,11.775,12.625,13.425,14.625,15.375,15.825,16.025,17
2-Jun-17,9.89,11.625,12.525,13.425,14.575,15.35,15.825,16.075,17
1-Jun-17,10.41,11.625,12.425,13.325,14.525,15.275,15.775,16.05,17.025
31-May-17,10.38,11.825,12.675,13.525,14.675,15.375,15.925,16.125,17.05
30-May-17,9.81,11.825,12.725,13.575,14.725,15.375,15.875,16.125,17.05
26-May-17,9.99,11.925,12.925,13.775,14.95,15.625,16.125,16.375,17.275
25-May-17,10.02,12.025,13.025,13.925,15.075,15.725,16.175,16.425,17.3
24-May-17,10.72,11.975,12.975,13.925,15.075,15.725,16.175,16.375,17.225
23-May-17,10.93,12.325,13.325,14.125,15.175,15.775,16.175,16.375,17.175
22-May-17,12.04,12.225,13.175,13.925,14.975,15.575,16.025,16.225,17.1
19-May-17,14.66,12.725,13.475,14.175,15.225,15.775,16.225,16.425,17.225
18-May-17,15.59,14.275,14.575,15.025,15.875,16.375,16.725,16.875,17.65
17-May-17,10.65,12.2,14.225,14.625,14.975,15.775,16.3,16.725,16.925
16-May-17,10.42,11.075,12.075,13.225,14.125,15.175,15.725,16.175,16.4
15-May-17,10.4,10.825,12.175,13.325,14.175,15.175,15.725,16.125,16.35
12-May-17,10.6,11.225,12.425,13.625,14.425,15.325,15.825,16.225,16.375
11-May-17,10.21,11.425,12.625,13.675,14.375,15.275,15.725,16.125,16.3
10-May-17,9.96,11.525,12.475,13.675,14.425,15.275,15.725,16.125,16.3
9-May-17,9.77,11.425,12.475,13.675,14.325,15.175,15.625,16.025,16.2
8-May-17,10.57,11.425,12.475,13.675,14.325,15.175,15.625,16.025,16.2
5-May-17,10.46,11.775,12.675,13.675,14.225,15.075,15.525,15.925,16.1
4-May-17,10.68,11.725,12.675,13.575,14.125,14.925,15.375,15.775,15.95
3-May-17,10.59,12.075,12.975,13.875,14.325,15.125,15.525,15.875,16.05
2-May-17,10.11,11.825,12.825,13.725,14.225,15.025,15.425,15.775,15.925
1-May-17,10.82,11.825,12.625,13.575,14.125,14.925,15.325,15.725,15.85
28-Apr-17,10.36,12.275,13.125,14,14.475,15.275,15.7,16.075,16.2
27-Apr-17,10.85,12.375,13.125,14.075,14.575,15.375,15.8,16.125,16.25
26-Apr-17,10.76,12.375,13.175,14.075,14.525,15.325,15.725,16.075,16.225
25-Apr-17,10.84,12.475,13.125,13.975,14.425,15.225,15.675,16.025,16.15
24-Apr-17,14.63,12.675,13.325,14.175,14.725,15.575,16.025,16.375,16.475
21-Apr-17,14.15,14.325,14.225,14.825,15.175,15.925,16.35,16.725,16.75
20-Apr-17,14.93,14.325,14.325,14.975,15.375,16.175,16.575,16.875,16.9
19-Apr-17,14.42,14.3,14.575,14.525,15.125,15.425,16.175,16.575,16.875
18-Apr-17,14.66,14.725,14.325,14.525,15.175,15.475,16.225,16.575,16.875
17-Apr-17,15.96,15.075,14.325,14.575,15.225,15.575,16.275,16.575,16.9
13-Apr-17,15.77,16.325,15.225,15.275,15.825,16.1,16.75,17.075,17.3
12-Apr-17,15.07,16.275,14.925,15.025,15.575,15.875,16.575,16.875,17.175
11-Apr-17,14.05,15.975,14.525,14.875,15.525,15.875,16.525,16.875,17.125
10-Apr-17,12.87,15.025,14.325,14.775,15.425,15.775,16.475,16.825,17.1
7-Apr-17,12.39,14.025,13.875,14.525,15.225,15.6,16.3,16.675,16.975
6-Apr-17,12.89,13.575,13.525,14.175,14.975,15.375,16.075,16.475,16.775
5-Apr-17,11.79,13.875,13.875,14.525,15.275,15.675,16.425,16.725,17.025
4-Apr-17,12.38,13.225,13.375,14.125,14.925,15.375,16.125,16.475,16.8
3-Apr-17,12.37,13.475,13.575,14.275,15.075,15.575,16.325,16.725,17.05
31-Mar-17,11.54,13.275,13.575,14.25,15.025,15.475,16.275,16.725,17.05
30-Mar-17,11.42,12.825,13.375,14.175,15.025,15.475,16.275,16.725,17
29-Mar-17,11.53,12.925,13.525,14.225,15.075,15.575,16.375,16.825,17.125
28-Mar-17,12.5,12.925,13.55,14.375,15.225,15.725,16.525,16.925,17.25
27-Mar-17,12.96,13.575,14.075,14.725,15.525,16.025,16.825,17.225,17.45
24-Mar-17,13.12,13.925,14.4,15.125,15.925,16.35,17.075,17.425,17.7
23-Mar-17,12.81,14.275,14.775,15.475,16.225,16.675,17.375,17.725,17.95
22-Mar-17,12.47,12.15,13.925,14.575,15.275,16.025,16.475,17.225,17.625
21-Mar-17,11.34,12.175,13.775,14.575,15.375,16.125,16.525,17.175,17.525
20-Mar-17,11.28,11.625,13.175,14.125,14.975,15.775,16.225,16.925,17.275
17-Mar-17,11.21,11.775,13.275,14.225,15.075,15.875,16.275,16.925,17.3
16-Mar-17,11.63,11.925,13.275,14.325,15.225,16.025,16.375,17.05,17.375
15-Mar-17,12.3,12.275,13.725,14.725,15.525,16.275,16.625,17.225,17.55
14-Mar-17,11.35,12.625,14.075,15.025,15.775,16.475,16.825,17.475,17.725
13-Mar-17,11.66,12.125,13.875,14.875,15.65,16.325,16.675,17.275,17.6
10-Mar-17,12.3,12.525,14.2,15.125,15.775,16.425,16.725,17.375,17.675
9-Mar-17,11.86,12.775,14.425,15.275,15.925,16.575,16.875,17.475,17.75
8-Mar-17,11.45,12.675,14.425,15.325,15.975,16.625,16.875,17.5,17.75
7-Mar-17,11.24,12.625,14.475,15.375,16.025,16.625,16.925,17.525,17.75
6-Mar-17,10.96,12.675,14.425,15.325,15.975,16.625,16.875,17.425,17.7
3-Mar-17,11.81,12.825,14.575,15.425,16.075,16.725,16.975,17.575,17.85
2-Mar-17,12.54,13.275,15.025,15.875,16.425,17.025,17.275,17.825,18.025
1-Mar-17,12.92,13.275,15.075,15.775,16.325,16.925,17.175,17.725,17.9
28-Feb-17,12.09,13.525,15.325,15.925,16.425,17.025,17.225,17.775,17.95
27-Feb-17,11.47,13.275,15.125,15.825,16.325,16.925,17.225,17.775,17.975
24-Feb-17,11.71,13.325,15.25,16.075,16.675,17.275,17.525,18.075,18.225
23-Feb-17,11.74,13.525,15.225,15.925,16.525,17.125,17.425,17.975,18.15
22-Feb-17,11.57,13.225,14.625,15.425,16.075,16.775,17.075,17.775,18
21-Feb-17,11.49,13.175,14.525,15.275,15.975,16.675,17.025,17.675,17.95
17-Feb-17,11.76,13.125,14.35,15.15,15.775,16.525,16.875,17.575,17.825
16-Feb-17,11.97,12.975,14.175,14.925,15.675,16.425,16.775,17.475,17.75
15-Feb-17,10.74,11.5,12.875,14.025,14.775,15.475,16.25,16.6,17.3
14-Feb-17,11.07,11.175,12.3,14.025,14.975,15.775,16.525,16.875,17.575
13-Feb-17,10.85,11.425,13.075,14.8,15.65,16.425,17.125,17.425,18.075
10-Feb-17,10.88,11.725,13.375,15.125,16.025,16.725,17.375,17.625,18.3
9-Feb-17,11.45,12.025,13.675,15.275,16.075,16.725,17.375,17.7,18.325
8-Feb-17,11.29,12.575,13.975,15.425,16.225,16.875,17.575,17.875,18.525
7-Feb-17,11.37,12.575,13.975,15.325,16.125,16.775,17.475,17.775,18.425
6-Feb-17,10.97,12.475,13.975,15.275,16.075,16.725,17.425,17.725,18.375
3-Feb-17,11.93,12.475,13.925,15.225,16.025,16.675,17.375,17.675,18.325
2-Feb-17,11.81,12.925,14.175,15.425,16.225,16.825,17.575,17.875,18.5
1-Feb-17,11.99,12.675,13.975,15.225,16.025,16.675,17.425,17.775,18.425
31-Jan-17,11.88,12.925,14.325,15.525,16.275,16.875,17.625,17.975,18.625
30-Jan-17,10.58,12.875,14.325,15.575,16.325,16.975,17.725,18.075,18.725
27-Jan-17,10.63,12.525,14.125,15.425,16.275,16.925,17.675,18.025,18.65
26-Jan-17,10.81,12.675,14.125,15.425,16.175,16.825,17.625,17.925,18.575
25-Jan-17,11.07,12.725,14.175,15.325,16.125,16.775,17.575,17.925,18.525
24-Jan-17,11.77,13.025,14.375,15.525,16.325,17.025,17.825,18.175,18.75
23-Jan-17,11.54,13.575,14.975,16.125,16.875,17.525,18.325,18.625,19.225
20-Jan-17,12.78,13.825,15.225,16.375,17.125,17.725,18.525,18.825,19.35
19-Jan-17,12.48,14.225,15.575,16.725,17.375,17.925,18.675,18.925,19.45
18-Jan-17,11.87,11.86,14.175,15.625,16.825,17.525,18.125,18.825,19.025
17-Jan-17,11.23,12.175,14.175,15.725,17.025,17.725,18.225,18.875,19.05
13-Jan-17,11.54,12.175,14.225,15.725,16.975,17.65,18.125,18.775,18.975
12-Jan-17,11.26,12.475,14.325,15.725,16.875,17.525,17.975,18.625,18.825
11-Jan-17,11.49,12.525,14.225,15.625,16.725,17.325,17.825,18.425,18.675
10-Jan-17,11.56,12.875,14.475,15.775,16.875,17.425,17.925,18.575,18.75
9-Jan-17,11.32,12.925,14.525,15.875,16.925,17.475,17.925,18.575,18.775
6-Jan-17,11.67,12.875,14.675,16.025,17.025,17.575,18.025,18.675,18.85
5-Jan-17,11.85,13.025,14.825,16.175,17.175,17.725,18.175,18.775,18.975
4-Jan-17,12.85,13.175,14.975,16.275,17.275,17.825,18.225,18.875,19.025
3-Jan-17,14.04,13.775,15.575,16.825,17.775,18.275,18.625,19.175,19.3
30-Dec-16,13.37,15.125,16.575,17.6,18.425,18.825,19.075,19.65,19.75
29-Dec-16,12.95,14.825,16.375,17.425,18.275,18.725,19.025,19.575,19.675
28-Dec-16,11.99,14.625,16.225,17.325,18.175,18.625,18.925,19.475,19.55
27-Dec-16,11.44,13.975,15.8,17.075,17.975,18.425,18.775,19.275,19.45
23-Dec-16,11.43,14.275,16.025,17.275,18.125,18.575,18.925,19.45,19.625
22-Dec-16,11.27,14.275,15.975,17.225,18.125,18.575,18.925,19.45,19.525
21-Dec-16,11.45,11.45,14.025,15.675,16.925,17.825,18.325,18.725,19.275
20-Dec-16,11.71,11.575,14.225,15.775,16.975,17.925,18.375,18.75,19.25
19-Dec-16,12.2,12.125,14.475,15.975,17.125,18.025,18.425,18.825,19.35
16-Dec-16,12.79,12.725,14.975,16.375,17.425,18.275,18.675,19.025,19.55
15-Dec-16,13.19,13.025,15.075,16.425,17.475,18.275,18.675,19.025,19.525
14-Dec-16,12.72,13.425,15.325,16.525,17.475,18.275,18.675,18.975,19.525
13-Dec-16,12.64,13.275,15.475,16.725,17.675,18.475,18.825,19.175,19.675
12-Dec-16,11.75,13.425,15.575,16.725,17.625,18.425,18.825,19.175,19.7
9-Dec-16,12.64,13.025,15.225,16.425,17.425,18.225,18.625,18.975,19.5
8-Dec-16,12.22,13.425,15.525,16.725,17.625,18.375,18.775,19.125,19.65
7-Dec-16,11.79,13.325,15.475,16.625,17.55,18.3,18.725,19.025,19.575
6-Dec-16,12.14,13.125,15.375,16.625,17.525,18.275,18.675,18.95,19.475
5-Dec-16,14.12,13.525,15.675,16.875,17.725,18.425,18.825,19.125,19.625
2-Dec-16,14.07,15.075,16.775,17.675,18.325,18.925,19.275,19.525,20
1-Dec-16,13.33,15.025,16.675,17.575,18.175,18.825,19.175,19.425,19.925
30-Nov-16,12.9,14.525,16.275,17.275,17.975,18.625,19.025,19.275,19.775
29-Nov-16,13.15,14.275,16.225,17.225,17.925,18.625,19.025,19.375,19.85
28-Nov-16,12.34,14.425,16.275,17.275,17.975,18.625,19.025,19.325,19.85
25-Nov-16,12.43,14.325,16.175,17.175,17.875,18.525,18.925,19.3,19.8
23-Nov-16,12.41,14.425,16.375,17.325,17.975,18.625,18.975,19.325,19.825
22-Nov-16,12.42,14.425,16.275,17.175,17.825,18.525,18.925,19.225,19.75
21-Nov-16,12.85,14.475,16.275,17.175,17.825,18.5,18.875,19.225,19.725
18-Nov-16,13.35,14.975,16.675,17.5,18.075,18.725,19.075,19.375,19.875
17-Nov-16,13.72,15.025,16.675,17.475,18.075,18.675,19.025,19.325,19.8
16-Nov-16,13.37,13.85,15.575,17.075,17.825,18.375,18.925,19.275,19.525
15-Nov-16,14.48,13.2,15.275,16.925,17.725,18.325,18.925,19.275,19.525
14-Nov-16,14.17,14.475,15.975,17.275,17.925,18.375,18.925,19.175,19.425
11-Nov-16,14.74,14.925,16.125,17.325,17.925,18.325,18.825,19.125,19.3
10-Nov-16,14.38,15.325,16.275,17.375,17.925,18.375,18.875,19.125,19.375
9-Nov-16,18.74,14.875,15.725,17.025,17.575,18,18.5,18.825,19
8-Nov-16,18.71,15.975,16.575,17.725,18.175,18.525,18.975,19.225,19.375
7-Nov-16,22.51,16.025,16.575,17.675,18.125,18.4,18.85,19.025,19.275
4-Nov-16,22.08,19.325,18.975,19.725,19.875,19.925,20.225,20.325,20.425
3-Nov-16,19.32,19.775,19.025,19.775,19.925,20.025,20.325,20.475,20.575
2-Nov-16,18.56,18.525,18.225,19.125,19.275,19.45,19.825,20.025,20.125
1-Nov-16,17.06,17.825,17.875,18.875,19.125,19.325,19.725,19.925,20.025
31-Oct-16,16.19,17.225,17.425,18.475,18.775,19.025,19.475,19.675,19.825
28-Oct-16,15.36,16.625,17.1,18.325,18.725,19.025,19.475,19.725,19.825
27-Oct-16,14.24,16.075,16.875,18.175,18.625,18.975,19.475,19.675,19.825
26-Oct-16,13.46,15.625,16.475,17.825,18.275,18.675,19.225,19.525,19.675
25-Oct-16,13.02,15.225,16.225,17.575,18.075,18.525,19.05,19.375,19.525
24-Oct-16,13.34,14.925,16.075,17.475,18.025,18.525,19.075,19.375,19.575
21-Oct-16,13.75,15.575,16.525,17.875,18.425,18.875,19.425,19.675,19.875
20-Oct-16,14.41,15.775,16.675,18.025,18.575,19.025,19.525,19.825,20
19-Oct-16,15.28,15.2,16.075,16.825,18.125,18.6,19,19.525,19.775
18-Oct-16,16.21,15.675,16.625,17.125,18.375,18.875,19.225,19.725,19.925
17-Oct-16,16.12,16.525,17.125,17.425,18.575,19.025,19.325,19.825,20.025
14-Oct-16,16.69,16.625,17.325,17.625,18.775,19.175,19.475,20,20.15
13-Oct-16,15.91,17.025,17.525,17.825,18.925,19.3,19.575,20.075,20.2
12-Oct-16,15.36,16.325,17.225,17.625,18.725,19.075,19.425,19.925,20.075
11-Oct-16,13.38,15.825,16.975,17.425,18.525,18.925,19.225,19.725,19.9
10-Oct-16,13.48,14.675,16.325,16.925,18.125,18.575,18.925,19.45,19.65
7-Oct-16,12.84,15.325,16.725,17.275,18.425,18.85,19.175,19.7,19.85
6-Oct-16,12.99,14.975,16.525,17.075,18.275,18.725,19.125,19.625,19.775
5-Oct-16,13.63,15.125,16.675,17.175,18.325,18.775,19.175,19.725,19.875
4-Oct-16,13.57,15.325,16.625,17.025,18.175,18.625,19.025,19.575,19.75
3-Oct-16,13.29,15.475,16.775,17.225,18.375,18.875,19.275,19.8,19.95
30-Sep-16,14.02,15.775,16.95,17.45,18.5,19.05,19.4,19.975,20.05
29-Sep-16,12.39,15.925,17.025,17.475,18.7,19.125,19.475,19.975,20.125
28-Sep-16,13.1,15.225,16.725,17.3,18.5,18.975,19.35,19.925,20
27-Sep-16,14.5,15.525,16.875,17.475,18.625,19.1,19.475,19.975,20.1
26-Sep-16,12.29,16.275,17.375,17.925,19.025,19.475,19.775,20.3,20.425
23-Sep-16,12.02,15.575,17.075,17.725,18.925,19.35,19.675,20.175,20.225
22-Sep-16,13.3,15.325,16.875,17.625,18.875,19.275,19.575,20.025,20.1
21-Sep-16,15.92,15.3,16.075,17.475,18.125,19.275,19.625,19.975,20.425
20-Sep-16,15.53,15.875,17.425,18.225,18.725,19.775,20.075,20.325,20.75
19-Sep-16,15.37,15.675,17.125,18.025,18.525,19.625,19.925,20.225,20.65
16-Sep-16,16.3,16.025,17.525,18.275,18.725,19.825,20.125,20.425,20.925
15-Sep-16,18.14,17.075,18.225,18.825,19.075,20.125,20.4,20.675,21.125
14-Sep-16,17.85,18.375,18.875,19.275,19.425,20.475,20.725,20.975,21.4
13-Sep-16,15.16,17.775,18.325,18.825,18.975,20.075,20.375,20.625,21.2
12-Sep-16,17.5,15.325,16.925,17.975,18.475,19.625,19.975,20.325,20.8
9-Sep-16,12.51,16.475,17.875,18.8,19.075,20.15,20.425,20.65,21.225
8-Sep-16,11.94,13.375,15.925,17.275,17.825,19.025,19.425,19.825,20.35
7-Sep-16,12.02,13.225,15.775,17.125,17.675,18.875,19.275,19.675,20.25
6-Sep-16,11.98,13.375,15.875,17.175,17.725,18.925,19.275,19.675,20.275
2-Sep-16,13.48,13.925,16.375,17.575,18.075,19.225,19.575,19.9,20.45
1-Sep-16,13.42,14.575,16.675,17.725,18.125,19.325,19.675,20.025,20.55
31-Aug-16,13.12,14.575,16.725,17.775,18.175,19.325,19.625,19.975,20.475
30-Aug-16,12.94,14.525,16.775,17.825,18.225,19.375,19.675,19.975,20.45
29-Aug-16,13.65,14.675,16.825,17.875,18.275,19.425,19.675,20,20.475
26-Aug-16,13.63,15.125,17.025,18.025,18.425,19.525,19.775,20.075,20.525
25-Aug-16,13.45,14.975,16.925,17.875,18.275,19.375,19.675,19.975,20.375
24-Aug-16,12.38,15.125,17.125,18.075,18.425,19.525,19.825,20.125,20.475
23-Aug-16,12.27,14.675,16.875,17.925,18.325,19.425,19.725,19.975,20.375
22-Aug-16,11.34,14.725,16.775,17.8,18.225,19.325,19.675,19.925,20.325
19-Aug-16,11.43,14.675,16.675,17.725,18.175,19.3,19.625,19.875,20.3
18-Aug-16,12.19,14.575,16.575,17.625,18.075,19.175,19.525,19.8,20.2
17-Aug-16,12.64,12.65,14.825,16.675,17.675,18.075,19.175,19.475,19.75
16-Aug-16,11.81,12.825,15.325,16.975,17.875,18.225,19.3,19.625,19.85
15-Aug-16,11.55,12.225,14.825,16.525,17.525,17.925,19.025,19.375,19.6
12-Aug-16,11.68,12.325,14.975,16.725,17.625,17.975,19.025,19.375,19.6
11-Aug-16,12.05,12.625,15.075,16.775,17.625,17.925,18.975,19.325,19.575
10-Aug-16,11.66,12.875,15.175,16.825,17.625,17.875,18.925,19.225,19.475
9-Aug-16,11.5,12.375,14.875,16.675,17.475,17.675,18.725,19.1,19.35
8-Aug-16,11.39,12.475,15.125,17,17.725,17.925,19,19.325,19.55
5-Aug-16,12.42,12.875,15.325,17.275,17.975,18.175,19.175,19.475,19.725
4-Aug-16,12.86,13.425,15.875,17.725,18.225,18.375,19.425,19.725,19.9
3-Aug-16,13.37,13.825,16.275,18,18.375,18.475,19.525,19.775,19.95
2-Aug-16,12.44,14.225,16.625,18.275,18.575,18.675,19.625,19.875,19.975
1-Aug-16,11.87,13.625,16.225,17.875,18.125,18.275,19.275,19.525,19.7
29-Jul-16,12.72,13.825,16.425,18.025,18.225,18.375,19.35,19.575,19.75
28-Jul-16,12.83,14.375,16.925,18.375,18.625,18.725,19.7,19.925,20.025
27-Jul-16,13.05,14.775,17.275,18.675,18.875,19.025,19.95,20.175,20.2
26-Jul-16,12.87,15.175,17.475,18.775,19.025,19.125,20.075,20.275,20.3
25-Jul-16,12.02,15.325,17.575,18.825,19.125,19.175,20.125,20.325,20.325
22-Jul-16,12.74,15.375,17.525,18.775,19.025,19.075,20.025,20.175,20.225
21-Jul-16,11.77,15.825,17.775,19,19.275,19.325,20.25,20.45,20.475
20-Jul-16,11.97,11.8,15.475,17.225,18.475,18.825,18.925,19.875,20.125
19-Jul-16,12.44,12.225,15.675,17.35,18.525,18.95,19.025,20,20.225
18-Jul-16,12.67,13.075,15.725,17.275,18.425,18.875,18.975,19.925,20.125
15-Jul-16,12.82,13.825,16.325,17.775,18.725,19.175,19.275,20.225,20.325
14-Jul-16,13.04,14.025,16.125,17.575,18.525,18.975,19.075,20.075,20.175
13-Jul-16,13.55,14.175,16.225,17.675,18.625,19.075,19.175,20.125,20.25
12-Jul-16,13.54,14.275,16.225,17.775,18.725,19.125,19.225,20.225,20.375
11-Jul-16,13.2,14.625,16.725,18.175,19.025,19.475,19.525,20.475,20.6
8-Jul-16,14.76,14.775,16.775,18.275,19.15,19.525,19.575,20.525,20.675
7-Jul-16,14.96,15.925,17.675,18.925,19.625,20,20.025,20.975,21.1
6-Jul-16,15.58,16.175,17.825,19.025,19.725,20.025,20.075,21.025,21.1
5-Jul-16,14.77,16.825,18.325,19.375,19.975,20.225,20.125,21.075,21.175
1-Jul-16,15.63,16.775,18.25,19.325,19.925,20.2,20.175,21.1,21.175
30-Jun-16,16.64,16.975,18.325,19.25,19.775,20.05,20.025,21.025,21.075
29-Jun-16,18.75,17.475,18.55,19.375,19.925,20.15,20.075,21.075,21.2
28-Jun-16,23.85,18.875,19.375,20.05,20.525,20.725,20.625,21.575,21.675
27-Jun-16,25.76,23.65,23.025,22.95,22.9,22.825,22.425,23.225,22.925
24-Jun-16,17.25,22.65,22.125,22.025,22,21.9,21.6,22.475,22.325
23-Jun-16,21.17,16.675,17.625,18.425,18.975,19.225,19.275,20.35,20.325
22-Jun-16,18.48,19.425,19.675,20.025,20.25,20.25,20.075,21.025,21.025
21-Jun-16,18.37,18.675,19.325,19.925,20.275,20.375,20.275,21.225,21.2
20-Jun-16,19.41,18.475,19.275,19.925,20.325,20.425,20.3,21.175,21.225
17-Jun-16,19.37,20.075,20.475,20.925,21.225,21.225,21.025,21.875,21.875
16-Jun-16,20.14,20.025,20.425,20.875,21.125,21.125,20.975,21.825,21.85
15-Jun-16,20.5,19.9,20.575,20.725,21.175,21.475,21.475,21.225,22.125
14-Jun-16,20.97,20.575,20.875,20.95,21.375,21.725,21.725,21.525,22.35
13-Jun-16,17.03,21.325,21.225,21.225,21.675,22.025,22.025,21.825,22.65
10-Jun-16,14.64,17.525,18.425,19.325,20.15,20.725,20.8,20.675,21.525
9-Jun-16,14.08,15.475,17.175,18.425,19.425,20.075,20.225,20.175,21.025
8-Jun-16,14.05,14.975,16.875,18.125,19.075,19.675,19.875,19.825,20.75
7-Jun-16,13.65,14.725,16.875,18.075,19,19.575,19.725,19.725,20.6
6-Jun-16,13.47,14.475,16.875,17.975,18.925,19.475,19.675,19.625,20.5
3-Jun-16,13.63,14.725,17.125,18.075,18.925,19.475,19.625,19.575,20.45
2-Jun-16,14.2,14.825,17.175,18.075,18.925,19.475,19.675,19.675,20.5
1-Jun-16,14.19,15.275,17.525,18.275,19.075,19.625,19.775,19.725,20.55
31-May-16,13.12,15.275,17.475,18.275,19.075,19.6,19.725,19.725,20.55
27-May-16,13.43,15.375,17.625,18.375,19.225,19.675,19.825,19.775,20.575
26-May-16,13.9,15.825,17.825,18.525,19.375,19.825,19.975,19.925,20.775
25-May-16,14.42,16.175,18.025,18.675,19.525,19.975,20.125,20.075,20.875
24-May-16,15.82,16.475,18.225,18.825,19.625,20.125,20.25,20.225,21
23-May-16,15.2,17.575,19.075,19.6,20.225,20.675,20.775,20.75,21.55
20-May-16,16.33,17.325,18.95,19.575,20.325,20.825,20.975,20.95,21.7
19-May-16,15.95,17.975,19.325,19.825,20.525,20.975,21.125,21.125,21.85
18-May-16,15.57,15.6,18.075,19.425,19.875,20.575,21.025,21.175,21.075
17-May-16,14.68,15.425,18,19.325,19.775,20.475,20.875,21.075,20.9
16-May-16,15.04,15.125,17.425,18.625,19.15,19.875,20.325,20.525,20.4
13-May-16,14.41,15.875,18.075,19.225,19.675,20.375,20.775,20.975,20.8
12-May-16,14.69,15.225,17.475,18.775,19.325,20.025,20.45,20.675,20.5
11-May-16,13.63,15.625,17.975,19.175,19.625,20.275,20.675,20.85,20.7
10-May-16,14.57,14.525,17.125,18.475,19.05,19.775,20.175,20.375,20.25
9-May-16,14.72,15.475,18.025,19.275,19.725,20.325,20.725,20.875,20.7
6-May-16,15.91,15.725,18.325,19.475,19.875,20.475,20.8,20.95,20.775
5-May-16,16.05,16.725,19.075,19.975,20.325,20.875,21.125,21.275,21.075
4-May-16,15.6,16.875,19.075,19.975,20.325,20.825,21.075,21.175,20.95
3-May-16,14.68,16.625,18.925,19.825,20.125,20.625,20.875,20.975,20.775
2-May-16,15.7,15.775,18.175,19.175,19.575,20.125,20.375,20.525,20.325
29-Apr-16,15.22,16.875,18.975,19.775,20.075,20.525,20.775,20.9,20.725
28-Apr-16,13.77,16.475,18.475,19.375,19.675,20.175,20.45,20.6,20.4
27-Apr-16,13.96,15.475,17.625,18.625,19.025,19.625,19.925,20.1,19.95
26-Apr-16,14.08,15.925,18.025,18.975,19.375,19.925,20.225,20.4,20.3
25-Apr-16,13.22,16.225,18.175,19.125,19.475,20.025,20.325,20.475,20.325
22-Apr-16,13.95,16.175,18.025,18.975,19.375,19.925,20.225,20.375,20.25
21-Apr-16,13.28,16.775,18.475,19.35,19.675,20.225,20.475,20.625,20.425
20-Apr-16,13.24,12.66,16.425,17.925,18.775,19.125,19.725,20.025,20.175
19-Apr-16,13.35,13.25,16.225,17.675,18.525,18.925,19.525,19.875,20.025
18-Apr-16,13.62,13.825,16.225,17.525,18.375,18.725,19.35,19.675,19.825
15-Apr-16,13.72,14.725,17.075,18.475,19.275,19.525,20.075,20.325,20.35
14-Apr-16,13.84,14.675,17.275,18.525,19.325,19.6,20.125,20.375,20.375
13-Apr-16,14.85,14.825,17.475,18.625,19.4,19.675,20.175,20.425,20.45
12-Apr-16,16.26,15.925,18.275,19.225,19.875,20.125,20.575,20.775,20.725
11-Apr-16,15.36,17.075,19.025,19.775,20.325,20.425,20.825,21.025,20.975
8-Apr-16,16.16,16.675,18.525,19.325,19.875,20.075,20.5,20.675,20.675
7-Apr-16,14.09,17.275,18.875,19.575,20.075,20.225,20.675,20.825,20.825
6-Apr-16,15.42,15.625,17.425,18.325,18.975,19.225,19.725,19.975,20.05
5-Apr-16,14.12,16.775,18.425,19.125,19.625,19.775,20.225,20.425,20.5
4-Apr-16,13.1,15.925,17.625,18.425,19.025,19.225,19.775,20.025,20.15
1-Apr-16,13.95,15.425,17.175,18.025,18.725,18.925,19.475,19.775,19.875
31-Mar-16,13.56,15.925,17.625,18.425,19.075,19.275,19.825,20.075,20.125
30-Mar-16,13.82,15.85,17.475,18.375,19.075,19.275,19.775,20.025,20.1
29-Mar-16,15.24,16.075,17.825,18.725,19.375,19.575,20.075,20.3,20.375
28-Mar-16,14.74,17.125,18.775,19.575,20.075,20.225,20.675,20.825,20.875
24-Mar-16,14.94,17.375,19.075,19.825,20.325,20.425,20.775,20.9,21
23-Mar-16,14.17,17.725,19.225,19.875,20.425,20.525,20.925,21.1,21.075
22-Mar-16,13.79,16.825,18.375,19.175,19.775,19.925,20.375,20.6,20.7
21-Mar-16,14.02,16.975,18.375,19.175,19.75,19.925,20.4,20.625,20.7
18-Mar-16,14.44,17.725,18.875,19.575,20.125,20.25,20.7,20.85,20.9
17-Mar-16,14.99,17.775,18.825,19.525,20.075,20.275,20.65,20.875,20.875
16-Mar-16,16.84,17,18.275,19.175,19.825,20.35,20.5,20.925,21.125
15-Mar-16,16.92,16.9,19.075,19.775,20.325,20.725,20.875,21.275,21.375
14-Mar-16,16.5,17.425,18.825,19.45,19.975,20.425,20.55,20.975,21.075
11-Mar-16,18.05,17.625,19.1,19.75,20.275,20.7,20.775,21.175,21.275
10-Mar-16,18.34,18.95,19.925,20.425,20.825,21.175,21.225,21.575,21.65
9-Mar-16,18.67,19.075,20.125,20.6,20.975,21.3,21.325,21.675,21.675
8-Mar-16,17.35,19.625,20.675,21.025,21.325,21.575,21.55,21.875,21.85
7-Mar-16,16.86,18.575,19.825,20.325,20.675,21.025,21.025,21.375,21.4
4-Mar-16,16.7,18.925,20.025,20.525,20.875,21.175,21.175,21.525,21.5
3-Mar-16,17.09,18.325,19.525,20.075,20.475,20.825,20.875,21.225,21.25
2-Mar-16,17.7,19.275,20.275,20.725,21.075,21.4,21.375,21.7,21.75
1-Mar-16,20.55,19.425,20.325,20.825,21.175,21.525,21.475,21.825,21.875
29-Feb-16,19.81,21.775,22.175,22.375,22.575,22.775,22.625,22.875,22.9
26-Feb-16,19.11,21.475,21.825,22.075,22.275,22.475,22.375,22.675,22.7
25-Feb-16,20.72,20.825,21.425,21.75,21.975,22.275,22.175,22.475,22.55
24-Feb-16,20.98,21.775,22.125,22.3,22.425,22.625,22.525,22.775,22.725
23-Feb-16,19.38,22.175,22.525,22.65,22.675,22.875,22.725,22.975,23.1
22-Feb-16,20.53,21.025,21.625,21.9,22.025,22.3,22.25,22.55,22.6
19-Feb-16,21.64,22.375,22.75,22.825,22.875,23.05,22.95,23.175,23.2
18-Feb-16,22.31,22.775,23.175,23.225,23.175,23.325,23.175,23.375,23.375
17-Feb-16,24.11,24.05,22.925,23.075,23.075,23.075,23.175,23.05,23.325
16-Feb-16,25.4,24.725,23.825,23.875,23.725,23.675,23.725,23.575,23.8
12-Feb-16,28.14,26.875,25.125,24.85,24.525,24.375,24.325,24.125,24.275
11-Feb-16,26.29,28.125,25.775,25.225,24.725,24.475,24.45,24.225,24.325
10-Feb-16,26.54,26.275,24.625,24.1,23.675,23.475,23.525,23.325,23.5
9-Feb-16,26,26.125,24.475,23.925,23.575,23.475,23.475,23.275,23.475
8-Feb-16,23.38,25.425,23.975,23.525,23.175,23.05,23.125,22.925,23.1
5-Feb-16,21.84,24.125,23.05,22.825,22.625,22.6,22.7,22.6,22.75
4-Feb-16,21.65,23.075,22.475,22.375,22.175,22.175,22.275,22.175,22.35
3-Feb-16,21.98,22.775,22.175,22.075,21.9,21.875,21.975,21.875,22.1
2-Feb-16,19.98,23.175,22.425,22.225,22,21.975,22.075,21.975,22.175
1-Feb-16,20.2,21.525,21.225,21.225,21.125,21.175,21.325,21.325,21.65
29-Jan-16,22.42,21.625,21.325,21.4,21.325,21.325,21.525,21.425,21.725
28-Jan-16,23.11,23.275,22.475,22.325,22.125,22.125,22.275,22.175,22.375
27-Jan-16,22.5,23.775,22.925,22.675,22.475,22.45,22.525,22.475,22.625
26-Jan-16,24.15,22.925,22.225,22.125,21.925,21.95,22.1,22.075,22.3
25-Jan-16,22.34,24.025,23.175,22.9,22.625,22.575,22.675,22.625,22.775
22-Jan-16,26.69,22.725,22.175,22.075,21.875,21.925,22.075,22.125,22.35
21-Jan-16,27.59,25.075,24.075,23.675,23.325,23.225,23.3,23.2,23.325
20-Jan-16,26.05,28.3,24.725,23.925,23.575,23.225,23.175,23.2,23.125
19-Jan-16,27.02,25.85,24.025,23.4,23.125,22.95,22.825,22.95,22.825
15-Jan-16,23.95,26.475,24.35,23.65,23.35,23.075,23.025,23.125,22.975
14-Jan-16,25.22,23.575,22.275,21.875,21.8,21.725,21.825,22.025,21.975
13-Jan-16,22.47,24.725,23.125,22.525,22.375,22.275,22.275,22.45,22.4
12-Jan-16,24.3,22.075,21.075,20.775,20.825,20.825,20.975,21.225,21.275
11-Jan-16,27.01,23.475,21.975,21.575,21.625,21.625,21.775,22.025,22
8-Jan-16,24.99,25.275,23.075,22.275,22.1,21.925,21.975,22.2,22.175
7-Jan-16,20.59,23.525,21.775,21.175,21.125,21.075,21.125,21.325,21.325
6-Jan-16,19.34,20.325,19.825,19.675,19.875,19.975,20.125,20.425,20.475
5-Jan-16,20.7,19.425,19.275,19.225,19.475,19.6,19.85,20.175,20.25
4-Jan-16,18.21,19.825,19.525,19.525,19.775,19.925,20.1,20.4,20.425